source_group,source_id,title,category,source_version,source_url,original_author,original_url,decision,target,reason,source_variants,adapted_variants
gallery,544,幼儿词汇拆解学习卡,Charts & Infographics,b477278bb2a36d4c59655eb0daa4ce48e8dbc4c4,https://github.com/wangge-dev/awesome-gpt-image-2/blob/b477278bb2a36d4c59655eb0daa4ce48e8dbc4c4/docs/gallery-part-2.md#case-544,@Naiknelofar788,https://x.com/Naiknelofar788/status/2092993830220120231,改写收录,prompts/gallery/G07.md,保留拆解教学创意，绑定两组准确词汇和对应图。,,
gallery,543,旅行纪念珐琅徽章,Products & E-commerce,b477278bb2a36d4c59655eb0daa4ce48e8dbc4c4,https://github.com/wangge-dev/awesome-gpt-image-2/blob/b477278bb2a36d4c59655eb0daa4ce48e8dbc4c4/docs/gallery-part-2.md#case-543,@Emmma__0,https://x.com/Emmma__0/status/2093194689222705645,改写收录,prompts/gallery/G21.md,保持场景优先层级，将人物简化与肤色保留写清楚。,,
gallery,542,黑白排版侧脸肖像海报,Posters & Typography,b477278bb2a36d4c59655eb0daa4ce48e8dbc4c4,https://github.com/wangge-dev/awesome-gpt-image-2/blob/b477278bb2a36d4c59655eb0daa4ce48e8dbc4c4/docs/gallery-part-2.md#case-542,@HustleXR,https://x.com/HustleXR/status/2093206386012230000,改写收录,prompts/gallery/G19.md,保留侧脸与排版融合，删除源提示中的随机微型文字。,,
gallery,541,50/50 混合媒介回忆卡,Documents & Publishing,b477278bb2a36d4c59655eb0daa4ce48e8dbc4c4,https://github.com/wangge-dev/awesome-gpt-image-2/blob/b477278bb2a36d4c59655eb0daa4ce48e8dbc4c4/docs/gallery-part-2.md#case-541,@Sairah_0,https://x.com/Sairah_0/status/2093212900160868430,改写收录,prompts/gallery/G09.md,保留50/50媒介对照；如要求照片像素不变，需外部排版合成而非只靠提示词。,,
gallery,540,梦幻未来城市编辑艺术海报,Illustration & Art,b477278bb2a36d4c59655eb0daa4ce48e8dbc4c4,https://github.com/wangge-dev/awesome-gpt-image-2/blob/b477278bb2a36d4c59655eb0daa4ce48e8dbc4c4/docs/gallery-part-2.md#case-540,@Naiknelofar788,https://x.com/Naiknelofar788/status/2093230701986672924,后续精选,,已做索引盘点，尚未逐条改写与内容审核；后续按差异和用途精选，不计为2.5适配内容,,
gallery,539,粗粝手绘搭档肖像海报,Posters & Typography,b477278bb2a36d4c59655eb0daa4ce48e8dbc4c4,https://github.com/wangge-dev/awesome-gpt-image-2/blob/b477278bb2a36d4c59655eb0daa4ce48e8dbc4c4/docs/gallery-part-2.md#case-539,@kingofdairyque,https://x.com/kingofdairyque/status/2093279729717780736,后续精选,,已做索引盘点，尚未逐条改写与内容审核；后续按差异和用途精选，不计为2.5适配内容,,
gallery,538,橡皮章旅行田野笔记海报,Posters & Typography,b477278bb2a36d4c59655eb0daa4ce48e8dbc4c4,https://github.com/wangge-dev/awesome-gpt-image-2/blob/b477278bb2a36d4c59655eb0daa4ce48e8dbc4c4/docs/gallery-part-2.md#case-538,@MahnoorAi12,https://x.com/MahnoorAi12/status/2092221482139349307,后续精选,,已做索引盘点，尚未逐条改写与内容审核；后续按差异和用途精选，不计为2.5适配内容,,
gallery,537,地下档案馆暗黑概念海报,Scenes & Storytelling,b477278bb2a36d4c59655eb0daa4ce48e8dbc4c4,https://github.com/wangge-dev/awesome-gpt-image-2/blob/b477278bb2a36d4c59655eb0daa4ce48e8dbc4c4/docs/gallery-part-2.md#case-537,@PromptSin,https://x.com/PromptSin/status/2092390329890849163,后续精选,,已做索引盘点，尚未逐条改写与内容审核；后续按差异和用途精选，不计为2.5适配内容,,
gallery,536,春日樱花回眸电影人像,Photography & Realism,b477278bb2a36d4c59655eb0daa4ce48e8dbc4c4,https://github.com/wangge-dev/awesome-gpt-image-2/blob/b477278bb2a36d4c59655eb0daa4ce48e8dbc4c4/docs/gallery-part-2.md#case-536,@SheBuildsAI_,https://x.com/SheBuildsAI_/status/2092431090095149533,改写收录,prompts/gallery/G17.md,原JSON中的标题不再误画成海报文字，明确参考图可选。,,
gallery,535,同一人脸十二款发型 Lookbook,Characters & People,b477278bb2a36d4c59655eb0daa4ce48e8dbc4c4,https://github.com/wangge-dev/awesome-gpt-image-2/blob/b477278bb2a36d4c59655eb0daa4ce48e8dbc4c4/docs/gallery-part-2.md#case-535,@Ciri_ai,https://x.com/Ciri_ai/status/2092452220768002400,改写收录,prompts/gallery/G05.md,保留完整12格而非缩减数量，明确仅头发变化，未承诺同脸像素级一致。,,
gallery,534,红光干扰实验编辑人像海报,Posters & Typography,b477278bb2a36d4c59655eb0daa4ce48e8dbc4c4,https://github.com/wangge-dev/awesome-gpt-image-2/blob/b477278bb2a36d4c59655eb0daa4ce48e8dbc4c4/docs/gallery-part-2.md#case-534,@Goodmanprotocol,https://x.com/Goodmanprotocol/status/2092471662126211143,后续精选,,已做索引盘点，尚未逐条改写与内容审核；后续按差异和用途精选，不计为2.5适配内容,,
gallery,533,手绘涂鸦时尚人物插画,Characters & People,b477278bb2a36d4c59655eb0daa4ce48e8dbc4c4,https://github.com/wangge-dev/awesome-gpt-image-2/blob/b477278bb2a36d4c59655eb0daa4ce48e8dbc4c4/docs/gallery-part-2.md#case-533,@Sairah_0,https://x.com/Sairah_0/status/2092473965927334071,后续精选,,已做索引盘点，尚未逐条改写与内容审核；后续按差异和用途精选，不计为2.5适配内容,,
gallery,532,六宫格柠檬饮料微缩广告,Products & E-commerce,b477278bb2a36d4c59655eb0daa4ce48e8dbc4c4,https://github.com/wangge-dev/awesome-gpt-image-2/blob/b477278bb2a36d4c59655eb0daa4ce48e8dbc4c4/docs/gallery-part-2.md#case-532,@ou_zhen599,https://x.com/ou_zhen599/status/2091160215928574397,改写收录,prompts/gallery/G22.md,保留完整六格创意和小人与巨大道具，不缩成普通商品主图。,,
gallery,531,水晶框国家旅行广告海报,Posters & Typography,b477278bb2a36d4c59655eb0daa4ce48e8dbc4c4,https://github.com/wangge-dev/awesome-gpt-image-2/blob/b477278bb2a36d4c59655eb0daa4ce48e8dbc4c4/docs/gallery-part-2.md#case-531,@Taaruk_,https://x.com/Taaruk_/status/2091391283063361558,改写收录,prompts/gallery/G20.md,保留水晶建筑框，年份改为不默认添加，避免旧日期继承。,,
gallery,530,实拍背景涂鸦人物替换,Characters & People,b477278bb2a36d4c59655eb0daa4ce48e8dbc4c4,https://github.com/wangge-dev/awesome-gpt-image-2/blob/b477278bb2a36d4c59655eb0daa4ce48e8dbc4c4/docs/gallery-part-2.md#case-530,@Emmma__0,https://x.com/Emmma__0/status/2091391958128251286,后续精选,,已做索引盘点，尚未逐条改写与内容审核；后续按差异和用途精选，不计为2.5适配内容,,
gallery,529,云朵气球山脊旅行人像,Photography & Realism,b477278bb2a36d4c59655eb0daa4ce48e8dbc4c4,https://github.com/wangge-dev/awesome-gpt-image-2/blob/b477278bb2a36d4c59655eb0daa4ce48e8dbc4c4/docs/gallery-part-2.md#case-529,@AiwithLariab,https://x.com/AiwithLariab/status/2091394735416160715,后续精选,,已做索引盘点，尚未逐条改写与内容审核；后续按差异和用途精选，不计为2.5适配内容,,
gallery,528,圣诞街景 Chibi 真实背景人像,Characters & People,b477278bb2a36d4c59655eb0daa4ce48e8dbc4c4,https://github.com/wangge-dev/awesome-gpt-image-2/blob/b477278bb2a36d4c59655eb0daa4ce48e8dbc4c4/docs/gallery-part-2.md#case-528,@Sairah_0,https://x.com/Sairah_0/status/2091401764360896762,后续精选,,已做索引盘点，尚未逐条改写与内容审核；后续按差异和用途精选，不计为2.5适配内容,,
gallery,527,Rio 旅行票据纸雕立体海报,Posters & Typography,b477278bb2a36d4c59655eb0daa4ce48e8dbc4c4,https://github.com/wangge-dev/awesome-gpt-image-2/blob/b477278bb2a36d4c59655eb0daa4ce48e8dbc4c4/docs/gallery-part-2.md#case-527,@john_my07,https://x.com/john_my07/status/2091408386466214031,后续精选,,已做索引盘点，尚未逐条改写与内容审核；后续按差异和用途精选，不计为2.5适配内容,,
gallery,526,体积激光黑场海报,Posters & Typography,b477278bb2a36d4c59655eb0daa4ce48e8dbc4c4,https://github.com/wangge-dev/awesome-gpt-image-2/blob/b477278bb2a36d4c59655eb0daa4ce48e8dbc4c4/docs/gallery-part-2.md#case-526,@zhidawang219555,https://x.com/zhidawang219555/status/2090246237094310178,后续精选,,已做索引盘点，尚未逐条改写与内容审核；后续按差异和用途精选，不计为2.5适配内容,,
gallery,525,酒红棚拍男士时尚肖像,Photography & Realism,b477278bb2a36d4c59655eb0daa4ce48e8dbc4c4,https://github.com/wangge-dev/awesome-gpt-image-2/blob/b477278bb2a36d4c59655eb0daa4ce48e8dbc4c4/docs/gallery-part-2.md#case-525,@iamsofiaijaz,https://x.com/iamsofiaijaz/status/2090294894187413883,改写收录,prompts/gallery/G18.md,移除源提示固定卷发与胡须对身份参考的覆盖，保留服装与灯光设计。,,
gallery,524,纸雕拼贴乡野人像,Illustration & Art,b477278bb2a36d4c59655eb0daa4ce48e8dbc4c4,https://github.com/wangge-dev/awesome-gpt-image-2/blob/b477278bb2a36d4c59655eb0daa4ce48e8dbc4c4/docs/gallery-part-2.md#case-524,@AiwithLariab,https://x.com/AiwithLariab/status/2090297565732585554,后续精选,,已做索引盘点，尚未逐条改写与内容审核；后续按差异和用途精选，不计为2.5适配内容,,
gallery,523,曼哈顿公园水彩旅行插画,Illustration & Art,b477278bb2a36d4c59655eb0daa4ce48e8dbc4c4,https://github.com/wangge-dev/awesome-gpt-image-2/blob/b477278bb2a36d4c59655eb0daa4ce48e8dbc4c4/docs/gallery-part-2.md#case-523,@Taaruk_,https://x.com/Taaruk_/status/2090307485374578755,改写收录,prompts/gallery/G13.md,保留原旅行插画构图，开放城市替换但不声称精确地理。,,
gallery,522,儿童故事书手绘头像,Characters & People,b477278bb2a36d4c59655eb0daa4ce48e8dbc4c4,https://github.com/wangge-dev/awesome-gpt-image-2/blob/b477278bb2a36d4c59655eb0daa4ce48e8dbc4c4/docs/gallery-part-2.md#case-522,@Sairah_0,https://x.com/Sairah_0/status/2090321208441262454,改写收录,prompts/gallery/G06.md,把夸张比例与身份保留分开表述，消除精确五官与点状五官的冲突。,,
gallery,521,青花敦煌刺绣四拼风格海报,Posters & Typography,b477278bb2a36d4c59655eb0daa4ce48e8dbc4c4,https://github.com/wangge-dev/awesome-gpt-image-2/blob/b477278bb2a36d4c59655eb0daa4ce48e8dbc4c4/docs/gallery-part-2.md#case-521,@zhidawang219555,https://x.com/zhidawang219555/status/2090310144190218272,后续精选,,已做索引盘点，尚未逐条改写与内容审核；后续按差异和用途精选，不计为2.5适配内容,,
gallery,520,月面宇航员 T 恤图形,Illustration & Art,b477278bb2a36d4c59655eb0daa4ce48e8dbc4c4,https://github.com/wangge-dev/awesome-gpt-image-2/blob/b477278bb2a36d4c59655eb0daa4ce48e8dbc4c4/docs/gallery-part-2.md#case-520,@lovimg_com,https://x.com/lovimg_com/status/2077035644254363972,改写收录,prompts/gallery/G14.md,把印花文件与T恤样机分开；透明输出需PNG或WebP设置，不是白底。,,
gallery,519,薄荷玫瑰香水电商图,Products & E-commerce,b477278bb2a36d4c59655eb0daa4ce48e8dbc4c4,https://github.com/wangge-dev/awesome-gpt-image-2/blob/b477278bb2a36d4c59655eb0daa4ce48e8dbc4c4/docs/gallery-part-2.md#case-519,@lovimg_com,https://x.com/lovimg_com/status/2077036313832996893,改写收录,prompts/gallery/G23.md,修正“保留原图”与强制薄荷绿瓶身的冲突，把薄荷绿用于布景。,,
gallery,518,花田风动夏日人像,Photography & Realism,b477278bb2a36d4c59655eb0daa4ce48e8dbc4c4,https://github.com/wangge-dev/awesome-gpt-image-2/blob/b477278bb2a36d4c59655eb0daa4ce48e8dbc4c4/docs/gallery-part-2.md#case-518,@lovimg_com,https://x.com/lovimg_com/status/2077036746198618336,后续精选,,已做索引盘点，尚未逐条改写与内容审核；后续按差异和用途精选，不计为2.5适配内容,,
gallery,517,杯内鱼眼夏日冰饮广告,Products & E-commerce,b477278bb2a36d4c59655eb0daa4ce48e8dbc4c4,https://github.com/wangge-dev/awesome-gpt-image-2/blob/b477278bb2a36d4c59655eb0daa4ce48e8dbc4c4/docs/gallery-part-2.md#case-517,@lovimg_com,https://x.com/lovimg_com/status/2077036659028484375,改写收录,prompts/gallery/G24.md,保留日文源提示的杯内视角与光向，明确静态广告和成年人。,,
gallery,516,工业橡胶管品牌造型渲染,Brand & Logos,b477278bb2a36d4c59655eb0daa4ce48e8dbc4c4,https://github.com/wangge-dev/awesome-gpt-image-2/blob/b477278bb2a36d4c59655eb0daa4ce48e8dbc4c4/docs/gallery-part-2.md#case-516,@Just_sharon7,https://x.com/Just_sharon7/status/2077034244988150062,后续精选,,已做索引盘点，尚未逐条改写与内容审核；后续按差异和用途精选，不计为2.5适配内容,,
gallery,515,Guadalajara 复古电影旅行海报,Posters & Typography,b477278bb2a36d4c59655eb0daa4ce48e8dbc4c4,https://github.com/wangge-dev/awesome-gpt-image-2/blob/b477278bb2a36d4c59655eb0daa4ce48e8dbc4c4/docs/gallery-part-2.md#case-515,@MiMundoConIA,https://x.com/MiMundoConIA/status/2077046470335938826,后续精选,,已做索引盘点，尚未逐条改写与内容审核；后续按差异和用途精选，不计为2.5适配内容,,
gallery,514,硬边现代艺术人像,Illustration & Art,b477278bb2a36d4c59655eb0daa4ce48e8dbc4c4,https://github.com/wangge-dev/awesome-gpt-image-2/blob/b477278bb2a36d4c59655eb0daa4ce48e8dbc4c4/docs/gallery-part-2.md#case-514,@SimplyAnnisa,https://x.com/SimplyAnnisa/status/2071783914595897555,后续精选,,已做索引盘点，尚未逐条改写与内容审核；后续按差异和用途精选，不计为2.5适配内容,,
gallery,513,单色点缀旅行手账插画,Illustration & Art,b477278bb2a36d4c59655eb0daa4ce48e8dbc4c4,https://github.com/wangge-dev/awesome-gpt-image-2/blob/b477278bb2a36d4c59655eb0daa4ce48e8dbc4c4/docs/gallery-part-2.md#case-513,@Sairah_0,https://x.com/Sairah_0/status/2071779087396606433,后续精选,,已做索引盘点，尚未逐条改写与内容审核；后续按差异和用途精选，不计为2.5适配内容,,
gallery,512,Brutalist Freestyle 角色设定表,Characters & People,b477278bb2a36d4c59655eb0daa4ce48e8dbc4c4,https://github.com/wangge-dev/awesome-gpt-image-2/blob/b477278bb2a36d4c59655eb0daa4ce48e8dbc4c4/docs/gallery-part-2.md#case-512,@ShamsAmin56,https://x.com/ShamsAmin56/status/2071590431725670517,后续精选,,已做索引盘点，尚未逐条改写与内容审核；后续按差异和用途精选，不计为2.5适配内容,,
gallery,511,城市名地标排版旅行海报,Posters & Typography,b477278bb2a36d4c59655eb0daa4ce48e8dbc4c4,https://github.com/wangge-dev/awesome-gpt-image-2/blob/b477278bb2a36d4c59655eb0daa4ce48e8dbc4c4/docs/gallery-part-2.md#case-511,@Goodmanprotocol,https://x.com/Goodmanprotocol/status/2071819124708438092,后续精选,,已做索引盘点，尚未逐条改写与内容审核；后续按差异和用途精选，不计为2.5适配内容,,
gallery,510,Bichon Shop 拟物 App 图标,Brand & Logos,b477278bb2a36d4c59655eb0daa4ce48e8dbc4c4,https://github.com/wangge-dev/awesome-gpt-image-2/blob/b477278bb2a36d4c59655eb0daa4ce48e8dbc4c4/docs/gallery-part-2.md#case-510,@iamaiistudio,https://x.com/iamaiistudio/status/2071923809788285125,改写收录,prompts/gallery/G03.md,原单图标形式保留，明确应用名不是必须绘制的标签。,,
gallery,509,涂鸦拉衣奔跑棚拍,Photography & Realism,b477278bb2a36d4c59655eb0daa4ce48e8dbc4c4,https://github.com/wangge-dev/awesome-gpt-image-2/blob/b477278bb2a36d4c59655eb0daa4ce48e8dbc4c4/docs/gallery-part-2.md#case-509,@Sairah_0,https://x.com/Sairah_0/status/2071929275897491491,后续精选,,已做索引盘点，尚未逐条改写与内容审核；后续按差异和用途精选，不计为2.5适配内容,,
gallery,508,木漏日庭院俯拍猫咪人像,Photography & Realism,b477278bb2a36d4c59655eb0daa4ce48e8dbc4c4,https://github.com/wangge-dev/awesome-gpt-image-2/blob/b477278bb2a36d4c59655eb0daa4ce48e8dbc4c4/docs/gallery-part-2.md#case-508,@ohmuyi,https://x.com/ohmuyi/status/2067930690977779942,后续精选,,已做索引盘点，尚未逐条改写与内容审核；后续按差异和用途精选，不计为2.5适配内容,,
gallery,507,暖调钩织角色玩偶,Characters & People,b477278bb2a36d4c59655eb0daa4ce48e8dbc4c4,https://github.com/wangge-dev/awesome-gpt-image-2/blob/b477278bb2a36d4c59655eb0daa4ce48e8dbc4c4/docs/gallery-part-2.md#case-507,@azed_ai,https://x.com/azed_ai/status/2067925399947067728,后续精选,,已做索引盘点，尚未逐条改写与内容审核；后续按差异和用途精选，不计为2.5适配内容,,
gallery,506,可爱发卡图文人像海报,Posters & Typography,b477278bb2a36d4c59655eb0daa4ce48e8dbc4c4,https://github.com/wangge-dev/awesome-gpt-image-2/blob/b477278bb2a36d4c59655eb0daa4ce48e8dbc4c4/docs/gallery-part-2.md#case-506,@xiaoxiaodong01,https://x.com/xiaoxiaodong01/status/2062924832917029248,后续精选,,已做索引盘点，尚未逐条改写与内容审核；后续按差异和用途精选，不计为2.5适配内容,,
gallery,505,夜间手机光沙发肖像,Photography & Realism,b477278bb2a36d4c59655eb0daa4ce48e8dbc4c4,https://github.com/wangge-dev/awesome-gpt-image-2/blob/b477278bb2a36d4c59655eb0daa4ce48e8dbc4c4/docs/gallery-part-2.md#case-505,@iamaiistudio,https://x.com/iamaiistudio/status/2063231612478017579,后续精选,,已做索引盘点，尚未逐条改写与内容审核；后续按差异和用途精选，不计为2.5适配内容,,
gallery,504,粗糙涂鸦人像改图,Illustration & Art,b477278bb2a36d4c59655eb0daa4ce48e8dbc4c4,https://github.com/wangge-dev/awesome-gpt-image-2/blob/b477278bb2a36d4c59655eb0daa4ce48e8dbc4c4/docs/gallery-part-2.md#case-504,@Shorelyn_,https://x.com/Shorelyn_/status/2063235707632533954,后续精选,,已做索引盘点，尚未逐条改写与内容审核；后续按差异和用途精选，不计为2.5适配内容,,
gallery,503,霓虹设计师 3D 海报,Posters & Typography,b477278bb2a36d4c59655eb0daa4ce48e8dbc4c4,https://github.com/wangge-dev/awesome-gpt-image-2/blob/b477278bb2a36d4c59655eb0daa4ce48e8dbc4c4/docs/gallery-part-2.md#case-503,@AiwithLariab,https://x.com/AiwithLariab/status/2063240283786187251,后续精选,,已做索引盘点，尚未逐条改写与内容审核；后续按差异和用途精选，不计为2.5适配内容,,
gallery,502,黑桃国王递归扑克牌,Characters & People,b477278bb2a36d4c59655eb0daa4ce48e8dbc4c4,https://github.com/wangge-dev/awesome-gpt-image-2/blob/b477278bb2a36d4c59655eb0daa4ce48e8dbc4c4/docs/gallery-part-2.md#case-502,@Professor_134,https://x.com/Professor_134/status/2063244295977800057,后续精选,,已做索引盘点，尚未逐条改写与内容审核；后续按差异和用途精选，不计为2.5适配内容,,
gallery,501,夏日牵手回眸电影肖像,Photography & Realism,b477278bb2a36d4c59655eb0daa4ce48e8dbc4c4,https://github.com/wangge-dev/awesome-gpt-image-2/blob/b477278bb2a36d4c59655eb0daa4ce48e8dbc4c4/docs/gallery-part-2.md#case-501,@iamaiistudio,https://x.com/iamaiistudio/status/2063247373388992790,后续精选,,已做索引盘点，尚未逐条改写与内容审核；后续按差异和用途精选，不计为2.5适配内容,,
gallery,500,梦幻花冠仙境肖像,Photography & Realism,b477278bb2a36d4c59655eb0daa4ce48e8dbc4c4,https://github.com/wangge-dev/awesome-gpt-image-2/blob/b477278bb2a36d4c59655eb0daa4ce48e8dbc4c4/docs/gallery-part-2.md#case-500,@HaniaAi12,https://x.com/HaniaAi12/status/2062696495741391006,后续精选,,已做索引盘点，尚未逐条改写与内容审核；后续按差异和用途精选，不计为2.5适配内容,,
gallery,499,极简精品店全身时尚写真,Photography & Realism,b477278bb2a36d4c59655eb0daa4ce48e8dbc4c4,https://github.com/wangge-dev/awesome-gpt-image-2/blob/b477278bb2a36d4c59655eb0daa4ce48e8dbc4c4/docs/gallery-part-2.md#case-499,@john_my07,https://x.com/john_my07/status/2062579742759649486,后续精选,,已做索引盘点，尚未逐条改写与内容审核；后续按差异和用途精选，不计为2.5适配内容,,
gallery,498,铅笔画背景 3D 分身,Illustration & Art,b477278bb2a36d4c59655eb0daa4ce48e8dbc4c4,https://github.com/wangge-dev/awesome-gpt-image-2/blob/b477278bb2a36d4c59655eb0daa4ce48e8dbc4c4/docs/gallery-part-2.md#case-498,@AIwithkhan,https://x.com/AIwithkhan/status/2062567518389391540,后续精选,,已做索引盘点，尚未逐条改写与内容审核；后续按差异和用途精选，不计为2.5适配内容,,
gallery,497,单色水彩城市旅行海报,Posters & Typography,b477278bb2a36d4c59655eb0daa4ce48e8dbc4c4,https://github.com/wangge-dev/awesome-gpt-image-2/blob/b477278bb2a36d4c59655eb0daa4ce48e8dbc4c4/docs/gallery-part-2.md#case-497,@Goodmanprotocol,https://x.com/Goodmanprotocol/status/2062564327140503787,后续精选,,已做索引盘点，尚未逐条改写与内容审核；后续按差异和用途精选，不计为2.5适配内容,,
gallery,496,水雕品牌 Logo 六宫格,Brand & Logos,b477278bb2a36d4c59655eb0daa4ce48e8dbc4c4,https://github.com/wangge-dev/awesome-gpt-image-2/blob/b477278bb2a36d4c59655eb0daa4ce48e8dbc4c4/docs/gallery-part-2.md#case-496,@AIwithSynthia,https://x.com/AIwithSynthia/status/2062521441141088599,改写收录,prompts/gallery/G04.md,将全球品牌自动选择改为六张明确参考，保留水体视觉。,,
gallery,495,巴黎街头故事书插画,Illustration & Art,b477278bb2a36d4c59655eb0daa4ce48e8dbc4c4,https://github.com/wangge-dev/awesome-gpt-image-2/blob/b477278bb2a36d4c59655eb0daa4ce48e8dbc4c4/docs/gallery-part-2.md#case-495,@MissDelulu9,https://x.com/MissDelulu9/status/2062376738500526347,后续精选,,已做索引盘点，尚未逐条改写与内容审核；后续按差异和用途精选，不计为2.5适配内容,,
gallery,494,电动巴士工程信息图,Charts & Infographics,b477278bb2a36d4c59655eb0daa4ce48e8dbc4c4,https://github.com/wangge-dev/awesome-gpt-image-2/blob/b477278bb2a36d4c59655eb0daa4ce48e8dbc4c4/docs/gallery-part-2.md#case-494,@j_smeaton99,https://x.com/j_smeaton99/status/2062365258984177766,改写收录,prompts/gallery/G08.md,原密集工程百科拆成可读单页，移除自动生成工程事实。,,
gallery,493,东京旅行 13 格视频封面,Scenes & Storytelling,b477278bb2a36d4c59655eb0daa4ce48e8dbc4c4,https://github.com/wangge-dev/awesome-gpt-image-2/blob/b477278bb2a36d4c59655eb0daa4ce48e8dbc4c4/docs/gallery-part-2.md#case-493,@AIwithSynthia,https://x.com/AIwithSynthia/status/2062383568253505904,后续精选,,已做索引盘点，尚未逐条改写与内容审核；后续按差异和用途精选，不计为2.5适配内容,,
gallery,492,黑色高定酒店套房写真,Photography & Realism,b477278bb2a36d4c59655eb0daa4ce48e8dbc4c4,https://github.com/wangge-dev/awesome-gpt-image-2/blob/b477278bb2a36d4c59655eb0daa4ce48e8dbc4c4/docs/gallery-part-2.md#case-492,@xRahultripathi,https://x.com/xRahultripathi/status/2062100757923733617,后续精选,,已做索引盘点，尚未逐条改写与内容审核；后续按差异和用途精选，不计为2.5适配内容,,
gallery,491,Y2K 高楼浴室镜面自拍,Photography & Realism,b477278bb2a36d4c59655eb0daa4ce48e8dbc4c4,https://github.com/wangge-dev/awesome-gpt-image-2/blob/b477278bb2a36d4c59655eb0daa4ce48e8dbc4c4/docs/gallery-part-2.md#case-491,@jzaib4269,https://x.com/jzaib4269/status/2062184740849930384,后续精选,,已做索引盘点，尚未逐条改写与内容审核；后续按差异和用途精选，不计为2.5适配内容,,
gallery,490,双重曝光时尚肖像,Photography & Realism,b477278bb2a36d4c59655eb0daa4ce48e8dbc4c4,https://github.com/wangge-dev/awesome-gpt-image-2/blob/b477278bb2a36d4c59655eb0daa4ce48e8dbc4c4/docs/gallery-part-2.md#case-490,@Anaya_Ai12,https://x.com/Anaya_Ai12/status/2062191518975508678,后续精选,,已做索引盘点，尚未逐条改写与内容审核；后续按差异和用途精选，不计为2.5适配内容,,
gallery,489,城市地图微缩旅行海报,Architecture & Spaces,b477278bb2a36d4c59655eb0daa4ce48e8dbc4c4,https://github.com/wangge-dev/awesome-gpt-image-2/blob/b477278bb2a36d4c59655eb0daa4ce48e8dbc4c4/docs/gallery-part-2.md#case-489,@SimplyAnnisa,https://x.com/SimplyAnnisa/status/2062358269172101240,改写收录,prompts/gallery/G01.md,保留纸地图立体道路创意，明确地图是艺术场景。,,
gallery,488,屋顶球场日落人像,Photography & Realism,b477278bb2a36d4c59655eb0daa4ce48e8dbc4c4,https://github.com/wangge-dev/awesome-gpt-image-2/blob/b477278bb2a36d4c59655eb0daa4ce48e8dbc4c4/docs/gallery-part-2.md#case-488,@HaniaAi12,https://x.com/HaniaAi12/status/2061313477696954522,后续精选,,已做索引盘点，尚未逐条改写与内容审核；后续按差异和用途精选，不计为2.5适配内容,,
gallery,487,法式药妆商业分镜封面,Scenes & Storytelling,b477278bb2a36d4c59655eb0daa4ce48e8dbc4c4,https://github.com/wangge-dev/awesome-gpt-image-2/blob/b477278bb2a36d4c59655eb0daa4ce48e8dbc4c4/docs/gallery-part-2.md#case-487,@AIwithSynthia,https://x.com/AIwithSynthia/status/2061300623530942922,改写收录,prompts/gallery/G27.md,原文含商业视频和音效要求，转成明确可生图的六格分镜，未声称生成视频。,,
gallery,486,RCB 冠军混合媒介海报,Posters & Typography,b477278bb2a36d4c59655eb0daa4ce48e8dbc4c4,https://github.com/wangge-dev/awesome-gpt-image-2/blob/b477278bb2a36d4c59655eb0daa4ce48e8dbc4c4/docs/gallery-part-2.md#case-486,@AIwithkhan,https://x.com/AIwithkhan/status/2061305471492096301,后续精选,,已做索引盘点，尚未逐条改写与内容审核；后续按差异和用途精选，不计为2.5适配内容,,
gallery,485,时尚目录电商拼贴,Products & E-commerce,b477278bb2a36d4c59655eb0daa4ce48e8dbc4c4,https://github.com/wangge-dev/awesome-gpt-image-2/blob/b477278bb2a36d4c59655eb0daa4ce48e8dbc4c4/docs/gallery-part-2.md#case-485,@Mind_Boticni,https://x.com/Mind_Boticni/status/2061310969192870028,改写收录,prompts/gallery/G25.md,把源提示不确定的重复帧改为三张，并让配色服从服装参考。,,
gallery,484,霓虹涂鸦黑白人像,Posters & Typography,b477278bb2a36d4c59655eb0daa4ce48e8dbc4c4,https://github.com/wangge-dev/awesome-gpt-image-2/blob/b477278bb2a36d4c59655eb0daa4ce48e8dbc4c4/docs/gallery-part-2.md#case-484,@harboriis,https://x.com/harboriis/status/2060208419811074350,后续精选,,已做索引盘点，尚未逐条改写与内容审核；后续按差异和用途精选，不计为2.5适配内容,,
gallery,483,都市飞鸟街头肖像,Photography & Realism,b477278bb2a36d4c59655eb0daa4ce48e8dbc4c4,https://github.com/wangge-dev/awesome-gpt-image-2/blob/b477278bb2a36d4c59655eb0daa4ce48e8dbc4c4/docs/gallery-part-2.md#case-483,@HaniaAi12,https://x.com/HaniaAi12/status/2060216757797978245,后续精选,,已做索引盘点，尚未逐条改写与内容审核；后续按差异和用途精选，不计为2.5适配内容,,
gallery,482,自我凝视超现实 Campaign,Photography & Realism,b477278bb2a36d4c59655eb0daa4ce48e8dbc4c4,https://github.com/wangge-dev/awesome-gpt-image-2/blob/b477278bb2a36d4c59655eb0daa4ce48e8dbc4c4/docs/gallery-part-2.md#case-482,@Shorelyn_,https://x.com/Shorelyn_/status/2060207260685791267,后续精选,,已做索引盘点，尚未逐条改写与内容审核；后续按差异和用途精选，不计为2.5适配内容,,
gallery,481,韩系春日 scrapbook 海报,Posters & Typography,b477278bb2a36d4c59655eb0daa4ce48e8dbc4c4,https://github.com/wangge-dev/awesome-gpt-image-2/blob/b477278bb2a36d4c59655eb0daa4ce48e8dbc4c4/docs/gallery-part-2.md#case-481,@Taaruk_,https://x.com/Taaruk_/status/2060214163591614900,后续精选,,已做索引盘点，尚未逐条改写与内容审核；后续按差异和用途精选，不计为2.5适配内容,,
gallery,480,粉丝速写本角色页,Characters & People,b477278bb2a36d4c59655eb0daa4ce48e8dbc4c4,https://github.com/wangge-dev/awesome-gpt-image-2/blob/b477278bb2a36d4c59655eb0daa4ce48e8dbc4c4/docs/gallery-part-2.md#case-480,@Ciri_ai,https://x.com/Ciri_ai/status/2060211436232786357,后续精选,,已做索引盘点，尚未逐条改写与内容审核；后续按差异和用途精选，不计为2.5适配内容,,
gallery,479,杂志纸艺拼贴重绘,Illustration & Art,b477278bb2a36d4c59655eb0daa4ce48e8dbc4c4,https://github.com/wangge-dev/awesome-gpt-image-2/blob/b477278bb2a36d4c59655eb0daa4ce48e8dbc4c4/docs/gallery-part-2.md#case-479,@oggii_0,https://x.com/oggii_0/status/2060212097083146644,后续精选,,已做索引盘点，尚未逐条改写与内容审核；后续按差异和用途精选，不计为2.5适配内容,,
gallery,478,夹层式品牌编辑海报,Brand & Logos,b477278bb2a36d4c59655eb0daa4ce48e8dbc4c4,https://github.com/wangge-dev/awesome-gpt-image-2/blob/b477278bb2a36d4c59655eb0daa4ce48e8dbc4c4/docs/gallery-part-2.md#case-478,@iamaiistudio,https://x.com/iamaiistudio/status/2060000278657839398,后续精选,,已做索引盘点，尚未逐条改写与内容审核；后续按差异和用途精选，不计为2.5适配内容,,
gallery,477,Instagram 餐桌俯拍创意,Scenes & Storytelling,b477278bb2a36d4c59655eb0daa4ce48e8dbc4c4,https://github.com/wangge-dev/awesome-gpt-image-2/blob/b477278bb2a36d4c59655eb0daa4ce48e8dbc4c4/docs/gallery-part-2.md#case-477,@iamaiistudio,https://x.com/iamaiistudio/status/2060210845225980366,后续精选,,已做索引盘点，尚未逐条改写与内容审核；后续按差异和用途精选，不计为2.5适配内容,,
gallery,476,早安拿铁微缩女孩,Illustration & Art,b477278bb2a36d4c59655eb0daa4ce48e8dbc4c4,https://github.com/wangge-dev/awesome-gpt-image-2/blob/b477278bb2a36d4c59655eb0daa4ce48e8dbc4c4/docs/gallery-part-2.md#case-476,@Zyrellix,https://x.com/Zyrellix/status/2059443447602561444,后续精选,,已做索引盘点，尚未逐条改写与内容审核；后续按差异和用途精选，不计为2.5适配内容,,
gallery,475,企鹅造型包装结构板,Products & E-commerce,b477278bb2a36d4c59655eb0daa4ce48e8dbc4c4,https://github.com/wangge-dev/awesome-gpt-image-2/blob/b477278bb2a36d4c59655eb0daa4ce48e8dbc4c4/docs/gallery-part-2.md#case-475,@iamaiistudio,https://x.com/iamaiistudio/status/2059305097897914664,改写收录,prompts/gallery/G26.md,保留工业设计展示板，去除无资料的尺寸与可生产暗示。,,
gallery,474,四城极简旅行海报系列,Posters & Typography,b477278bb2a36d4c59655eb0daa4ce48e8dbc4c4,https://github.com/wangge-dev/awesome-gpt-image-2/blob/b477278bb2a36d4c59655eb0daa4ce48e8dbc4c4/docs/gallery-part-2.md#case-474,@Taaruk_,https://x.com/Taaruk_/status/2059188921096085888,后续精选,,已做索引盘点，尚未逐条改写与内容审核；后续按差异和用途精选，不计为2.5适配内容,,
gallery,473,ROGUE VIPER 游戏概念设定板,Characters & People,b477278bb2a36d4c59655eb0daa4ce48e8dbc4c4,https://github.com/wangge-dev/awesome-gpt-image-2/blob/b477278bb2a36d4c59655eb0daa4ce48e8dbc4c4/docs/gallery-part-2.md#case-473,@KimAkiyama81,https://x.com/KimAkiyama81/status/2059394334378566063,后续精选,,已做索引盘点，尚未逐条改写与内容审核；后续按差异和用途精选，不计为2.5适配内容,,
gallery,472,上海地铁站台晨光,Photography & Realism,b477278bb2a36d4c59655eb0daa4ce48e8dbc4c4,https://github.com/wangge-dev/awesome-gpt-image-2/blob/b477278bb2a36d4c59655eb0daa4ce48e8dbc4c4/docs/gallery-part-2.md#case-472,@ToroJushiAi,https://x.com/ToroJushiAi/status/2059452471127240959,后续精选,,已做索引盘点，尚未逐条改写与内容审核；后续按差异和用途精选，不计为2.5适配内容,,
gallery,471,花簪和服动漫肖像,Illustration & Art,b477278bb2a36d4c59655eb0daa4ce48e8dbc4c4,https://github.com/wangge-dev/awesome-gpt-image-2/blob/b477278bb2a36d4c59655eb0daa4ce48e8dbc4c4/docs/gallery-part-2.md#case-471,@Mind_Boticni,https://x.com/Mind_Boticni/status/2059133066694779343,后续精选,,已做索引盘点，尚未逐条改写与内容审核；后续按差异和用途精选，不计为2.5适配内容,,
gallery,470,本地生活小店异形展架,Products & E-commerce,b477278bb2a36d4c59655eb0daa4ce48e8dbc4c4,https://github.com/wangge-dev/awesome-gpt-image-2/blob/b477278bb2a36d4c59655eb0daa4ce48e8dbc4c4/docs/gallery-part-2.md#case-470,@MrLarus,https://x.com/MrLarus/status/2059248197910827364,后续精选,,已做索引盘点，尚未逐条改写与内容审核；后续按差异和用途精选，不计为2.5适配内容,,
gallery,469,导览式科普绘本,Charts & Infographics,b477278bb2a36d4c59655eb0daa4ce48e8dbc4c4,https://github.com/wangge-dev/awesome-gpt-image-2/blob/b477278bb2a36d4c59655eb0daa4ce48e8dbc4c4/docs/gallery-part-2.md#case-469,@MrLarus,https://x.com/MrLarus/status/2058773446167773521,后续精选,,已做索引盘点，尚未逐条改写与内容审核；后续按差异和用途精选，不计为2.5适配内容,,
gallery,468,霓虹涂鸦展会自拍,Photography & Realism,b477278bb2a36d4c59655eb0daa4ce48e8dbc4c4,https://github.com/wangge-dev/awesome-gpt-image-2/blob/b477278bb2a36d4c59655eb0daa4ce48e8dbc4c4/docs/gallery-part-2.md#case-468,@drmrzhong,https://x.com/drmrzhong/status/2058774378960257437,后续精选,,已做索引盘点，尚未逐条改写与内容审核；后续按差异和用途精选，不计为2.5适配内容,,
gallery,467,泳装杂志九宫格广告页,Photography & Realism,b477278bb2a36d4c59655eb0daa4ce48e8dbc4c4,https://github.com/wangge-dev/awesome-gpt-image-2/blob/b477278bb2a36d4c59655eb0daa4ce48e8dbc4c4/docs/gallery-part-2.md#case-467,@Adam38363368936,https://x.com/Adam38363368936/status/2058859338211656051,后续精选,,已做索引盘点，尚未逐条改写与内容审核；后续按差异和用途精选，不计为2.5适配内容,,
gallery,466,鱼市追猫 CCD 街拍,Photography & Realism,b477278bb2a36d4c59655eb0daa4ce48e8dbc4c4,https://github.com/wangge-dev/awesome-gpt-image-2/blob/b477278bb2a36d4c59655eb0daa4ce48e8dbc4c4/docs/gallery-part-2.md#case-466,@mehvishs25,https://x.com/mehvishs25/status/2058375167550845263,后续精选,,已做索引盘点，尚未逐条改写与内容审核；后续按差异和用途精选，不计为2.5适配内容,,
gallery,465,逆光美背女性情绪写真,Photography & Realism,b477278bb2a36d4c59655eb0daa4ce48e8dbc4c4,https://github.com/wangge-dev/awesome-gpt-image-2/blob/b477278bb2a36d4c59655eb0daa4ce48e8dbc4c4/docs/gallery-part-2.md#case-465,@MrLarus,https://x.com/MrLarus/status/2058131948904599860,后续精选,,已做索引盘点，尚未逐条改写与内容审核；后续按差异和用途精选，不计为2.5适配内容,,
gallery,464,高雄水彩拼贴旅行海报,Posters & Typography,b477278bb2a36d4c59655eb0daa4ce48e8dbc4c4,https://github.com/wangge-dev/awesome-gpt-image-2/blob/b477278bb2a36d4c59655eb0daa4ce48e8dbc4c4/docs/gallery-part-2.md#case-464,@SimplyAnnisa,https://x.com/SimplyAnnisa/status/2058372965641662876,后续精选,,已做索引盘点，尚未逐条改写与内容审核；后续按差异和用途精选，不计为2.5适配内容,,
gallery,463,黑色吊带袜单款图鉴展示,Charts & Infographics,b477278bb2a36d4c59655eb0daa4ce48e8dbc4c4,https://github.com/wangge-dev/awesome-gpt-image-2/blob/b477278bb2a36d4c59655eb0daa4ce48e8dbc4c4/docs/gallery-part-2.md#case-463,@MrLarus,https://x.com/MrLarus/status/2058175014168396245,后续精选,,已做索引盘点，尚未逐条改写与内容审核；后续按差异和用途精选，不计为2.5适配内容,,
gallery,462,复古日系迷你橡皮商品包装,Products & E-commerce,b477278bb2a36d4c59655eb0daa4ce48e8dbc4c4,https://github.com/wangge-dev/awesome-gpt-image-2/blob/b477278bb2a36d4c59655eb0daa4ce48e8dbc4c4/docs/gallery-part-2.md#case-462,@ZetoGroovin,https://x.com/ZetoGroovin/status/2058408514247410003,后续精选,,已做索引盘点，尚未逐条改写与内容审核；后续按差异和用途精选，不计为2.5适配内容,,
gallery,461,家庭旅行纸雕拼贴,Illustration & Art,b477278bb2a36d4c59655eb0daa4ce48e8dbc4c4,https://github.com/wangge-dev/awesome-gpt-image-2/blob/b477278bb2a36d4c59655eb0daa4ce48e8dbc4c4/docs/gallery-part-2.md#case-461,@Taaruk_,https://x.com/Taaruk_/status/2058400056722731079,后续精选,,已做索引盘点，尚未逐条改写与内容审核；后续按差异和用途精选，不计为2.5适配内容,,
gallery,460,棋盘低角度奢华男装 Campaign,Posters & Typography,b477278bb2a36d4c59655eb0daa4ce48e8dbc4c4,https://github.com/wangge-dev/awesome-gpt-image-2/blob/b477278bb2a36d4c59655eb0daa4ce48e8dbc4c4/docs/gallery-part-2.md#case-460,@harboriis,https://x.com/harboriis/status/2058414859658956888,后续精选,,已做索引盘点，尚未逐条改写与内容审核；后续按差异和用途精选，不计为2.5适配内容,,
gallery,459,品牌奶茶 KV 概念海报,Brand & Logos,b477278bb2a36d4c59655eb0daa4ce48e8dbc4c4,https://github.com/wangge-dev/awesome-gpt-image-2/blob/b477278bb2a36d4c59655eb0daa4ce48e8dbc4c4/docs/gallery-part-2.md#case-459,@liyue_ai,https://x.com/liyue_ai/status/2057739678485495885,后续精选,,已做索引盘点，尚未逐条改写与内容审核；后续按差异和用途精选，不计为2.5适配内容,,
gallery,458,巴黎秋季时装插画,Illustration & Art,b477278bb2a36d4c59655eb0daa4ce48e8dbc4c4,https://github.com/wangge-dev/awesome-gpt-image-2/blob/b477278bb2a36d4c59655eb0daa4ce48e8dbc4c4/docs/gallery-part-2.md#case-458,@heyfatema,https://x.com/heyfatema/status/2057745100365787170,后续精选,,已做索引盘点，尚未逐条改写与内容审核；后续按差异和用途精选，不计为2.5适配内容,,
gallery,457,运动轨迹舞者光绘海报,Charts & Infographics,b477278bb2a36d4c59655eb0daa4ce48e8dbc4c4,https://github.com/wangge-dev/awesome-gpt-image-2/blob/b477278bb2a36d4c59655eb0daa4ce48e8dbc4c4/docs/gallery-part-2.md#case-457,@Gdgtify,https://x.com/Gdgtify/status/2057741253127594118,后续精选,,已做索引盘点，尚未逐条改写与内容审核；后续按差异和用途精选，不计为2.5适配内容,,
gallery,456,历史事件 2x2 可视化地图,Charts & Infographics,b477278bb2a36d4c59655eb0daa4ce48e8dbc4c4,https://github.com/wangge-dev/awesome-gpt-image-2/blob/b477278bb2a36d4c59655eb0daa4ce48e8dbc4c4/docs/gallery-part-2.md#case-456,@Gdgtify,https://x.com/Gdgtify/status/2057277698607599692,后续精选,,已做索引盘点，尚未逐条改写与内容审核；后续按差异和用途精选，不计为2.5适配内容,,
gallery,455,巨型舒适洞洞鞋 Campaign,Products & E-commerce,b477278bb2a36d4c59655eb0daa4ce48e8dbc4c4,https://github.com/wangge-dev/awesome-gpt-image-2/blob/b477278bb2a36d4c59655eb0daa4ce48e8dbc4c4/docs/gallery-part-2.md#case-455,@iamaiistudio,https://x.com/iamaiistudio/status/2057281549851377866,后续精选,,已做索引盘点，尚未逐条改写与内容审核；后续按差异和用途精选，不计为2.5适配内容,,
gallery,454,旅行美食薯片广告海报,Products & E-commerce,b477278bb2a36d4c59655eb0daa4ce48e8dbc4c4,https://github.com/wangge-dev/awesome-gpt-image-2/blob/b477278bb2a36d4c59655eb0daa4ce48e8dbc4c4/docs/gallery-part-2.md#case-454,@Naiknelofar788,https://x.com/Naiknelofar788/status/2057282710469767241,后续精选,,已做索引盘点，尚未逐条改写与内容审核；后续按差异和用途精选，不计为2.5适配内容,,
gallery,453,企业级商用画册视觉系统,Documents & Publishing,b477278bb2a36d4c59655eb0daa4ce48e8dbc4c4,https://github.com/wangge-dev/awesome-gpt-image-2/blob/b477278bb2a36d4c59655eb0daa4ce48e8dbc4c4/docs/gallery-part-2.md#case-453,@MrLarus,https://x.com/MrLarus/status/2056974720893939950,改写收录,prompts/gallery/G10.md,完整画册需求拆成连续单页，保留六类页面用途，不声称输出可编辑出版文件。,,
gallery,452,极简童话手绘儿童插画,Illustration & Art,b477278bb2a36d4c59655eb0daa4ce48e8dbc4c4,https://github.com/wangge-dev/awesome-gpt-image-2/blob/b477278bb2a36d4c59655eb0daa4ce48e8dbc4c4/docs/gallery-part-2.md#case-452,@MissDelulu9,https://x.com/MissDelulu9/status/2057073936295399551,后续精选,,已做索引盘点，尚未逐条改写与内容审核；后续按差异和用途精选，不计为2.5适配内容,,
gallery,451,韩国海滩日落时尚人像,Photography & Realism,b477278bb2a36d4c59655eb0daa4ce48e8dbc4c4,https://github.com/wangge-dev/awesome-gpt-image-2/blob/b477278bb2a36d4c59655eb0daa4ce48e8dbc4c4/docs/gallery-part-2.md#case-451,@MrGafish,https://x.com/MrGafish/status/2057107670226870577,后续精选,,已做索引盘点，尚未逐条改写与内容审核；后续按差异和用途精选，不计为2.5适配内容,,
gallery,450,烛光侧室写实摄影,Photography & Realism,b477278bb2a36d4c59655eb0daa4ce48e8dbc4c4,https://github.com/wangge-dev/awesome-gpt-image-2/blob/b477278bb2a36d4c59655eb0daa4ce48e8dbc4c4/docs/gallery-part-2.md#case-450,@ToroJushiAi,https://x.com/ToroJushiAi/status/2056926887344042382,后续精选,,已做索引盘点，尚未逐条改写与内容审核；后续按差异和用途精选，不计为2.5适配内容,,
gallery,449,奢华机械腕表技术图鉴,Products & E-commerce,b477278bb2a36d4c59655eb0daa4ce48e8dbc4c4,https://github.com/wangge-dev/awesome-gpt-image-2/blob/b477278bb2a36d4c59655eb0daa4ce48e8dbc4c4/docs/gallery-part-2.md#case-449,@Gdgtify,https://x.com/Gdgtify/status/2056928396991488312,后续精选,,已做索引盘点，尚未逐条改写与内容审核；后续按差异和用途精选，不计为2.5适配内容,,
gallery,448,1942 空战街机电影城,Scenes & Storytelling,b477278bb2a36d4c59655eb0daa4ce48e8dbc4c4,https://github.com/wangge-dev/awesome-gpt-image-2/blob/b477278bb2a36d4c59655eb0daa4ce48e8dbc4c4/docs/gallery-part-2.md#case-448,@Xaroon_x,https://x.com/Xaroon_x/status/2056940561148363010,后续精选,,已做索引盘点，尚未逐条改写与内容审核；后续按差异和用途精选，不计为2.5适配内容,,
gallery,447,现代地铁工程信息图,Charts & Infographics,b477278bb2a36d4c59655eb0daa4ce48e8dbc4c4,https://github.com/wangge-dev/awesome-gpt-image-2/blob/b477278bb2a36d4c59655eb0daa4ce48e8dbc4c4/docs/gallery-part-2.md#case-447,@j_smeaton99,https://x.com/j_smeaton99/status/2056950969083343077,后续精选,,已做索引盘点，尚未逐条改写与内容审核；后续按差异和用途精选，不计为2.5适配内容,,
gallery,446,低多边形纸艺男士肖像,Illustration & Art,b477278bb2a36d4c59655eb0daa4ce48e8dbc4c4,https://github.com/wangge-dev/awesome-gpt-image-2/blob/b477278bb2a36d4c59655eb0daa4ce48e8dbc4c4/docs/gallery-part-2.md#case-446,@iamsofiaijaz,https://x.com/iamsofiaijaz/status/2056953102755115162,后续精选,,已做索引盘点，尚未逐条改写与内容审核；后续按差异和用途精选，不计为2.5适配内容,,
gallery,445,旅游照水墨明信片,Illustration & Art,b477278bb2a36d4c59655eb0daa4ce48e8dbc4c4,https://github.com/wangge-dev/awesome-gpt-image-2/blob/b477278bb2a36d4c59655eb0daa4ce48e8dbc4c4/docs/gallery-part-2.md#case-445,@zhgqthomas,https://x.com/zhgqthomas/status/2056633723366568387,后续精选,,已做索引盘点，尚未逐条改写与内容审核；后续按差异和用途精选，不计为2.5适配内容,,
gallery,444,迪斯科镜面 3D App 图标,Brand & Logos,b477278bb2a36d4c59655eb0daa4ce48e8dbc4c4,https://github.com/wangge-dev/awesome-gpt-image-2/blob/b477278bb2a36d4c59655eb0daa4ce48e8dbc4c4/docs/gallery-part-2.md#case-444,@vista8,https://x.com/vista8/status/2056308962778296715,后续精选,,已做索引盘点，尚未逐条改写与内容审核；后续按差异和用途精选，不计为2.5适配内容,,
gallery,443,塔可爆炸拆解信息图,Charts & Infographics,b477278bb2a36d4c59655eb0daa4ce48e8dbc4c4,https://github.com/wangge-dev/awesome-gpt-image-2/blob/b477278bb2a36d4c59655eb0daa4ce48e8dbc4c4/docs/gallery-part-2.md#case-443,@Strength04_X,https://x.com/Strength04_X/status/2056018963084226866,后续精选,,已做索引盘点，尚未逐条改写与内容审核；后续按差异和用途精选，不计为2.5适配内容,,
gallery,442,舒适发廊插画,Illustration & Art,b477278bb2a36d4c59655eb0daa4ce48e8dbc4c4,https://github.com/wangge-dev/awesome-gpt-image-2/blob/b477278bb2a36d4c59655eb0daa4ce48e8dbc4c4/docs/gallery-part-2.md#case-442,@Sairah_0,https://x.com/Sairah_0/status/2056293543753503126,后续精选,,已做索引盘点，尚未逐条改写与内容审核；后续按差异和用途精选，不计为2.5适配内容,,
gallery,441,WILDCAMP 巨型帐篷广告海报,Products & E-commerce,b477278bb2a36d4c59655eb0daa4ce48e8dbc4c4,https://github.com/wangge-dev/awesome-gpt-image-2/blob/b477278bb2a36d4c59655eb0daa4ce48e8dbc4c4/docs/gallery-part-2.md#case-441,@Strength04_X,https://x.com/Strength04_X/status/2056258909334306897,后续精选,,已做索引盘点，尚未逐条改写与内容审核；后续按差异和用途精选，不计为2.5适配内容,,
gallery,440,手机拍摄 FaceTime 工作屏幕,UI & Interfaces,b477278bb2a36d4c59655eb0daa4ce48e8dbc4c4,https://github.com/wangge-dev/awesome-gpt-image-2/blob/b477278bb2a36d4c59655eb0daa4ce48e8dbc4c4/docs/gallery-part-2.md#case-440,@kaanakz,https://x.com/kaanakz/status/2056290465503171000,后续精选,,已做索引盘点，尚未逐条改写与内容审核；后续按差异和用途精选，不计为2.5适配内容,,
gallery,439,赛博黑客角色设定表,Characters & People,b477278bb2a36d4c59655eb0daa4ce48e8dbc4c4,https://github.com/wangge-dev/awesome-gpt-image-2/blob/b477278bb2a36d4c59655eb0daa4ce48e8dbc4c4/docs/gallery-part-2.md#case-439,@Kashberg_0,https://x.com/Kashberg_0/status/2055865126335762902,后续精选,,已做索引盘点，尚未逐条改写与内容审核；后续按差异和用途精选，不计为2.5适配内容,,
gallery,438,珠宝微缩城市广告海报,Products & E-commerce,b477278bb2a36d4c59655eb0daa4ce48e8dbc4c4,https://github.com/wangge-dev/awesome-gpt-image-2/blob/b477278bb2a36d4c59655eb0daa4ce48e8dbc4c4/docs/gallery-part-2.md#case-438,@Umar__786Ai,https://x.com/Umar__786Ai/status/2055664244138349055,后续精选,,已做索引盘点，尚未逐条改写与内容审核；后续按差异和用途精选，不计为2.5适配内容,,
gallery,437,面部美学分析报告,UI & Interfaces,b477278bb2a36d4c59655eb0daa4ce48e8dbc4c4,https://github.com/wangge-dev/awesome-gpt-image-2/blob/b477278bb2a36d4c59655eb0daa4ce48e8dbc4c4/docs/gallery-part-2.md#case-437,@saniaspeaks_,https://x.com/saniaspeaks_/status/2055857787637522908,后续精选,,已做索引盘点，尚未逐条改写与内容审核；后续按差异和用途精选，不计为2.5适配内容,,
gallery,436,数码相机屏幕怀旧人像,Photography & Realism,b477278bb2a36d4c59655eb0daa4ce48e8dbc4c4,https://github.com/wangge-dev/awesome-gpt-image-2/blob/b477278bb2a36d4c59655eb0daa4ce48e8dbc4c4/docs/gallery-part-2.md#case-436,@Ciri_ai,https://x.com/Ciri_ai/status/2055876982630686956,后续精选,,已做索引盘点，尚未逐条改写与内容审核；后续按差异和用途精选，不计为2.5适配内容,,
gallery,435,层叠纸雕情侣插画,Illustration & Art,b477278bb2a36d4c59655eb0daa4ce48e8dbc4c4,https://github.com/wangge-dev/awesome-gpt-image-2/blob/b477278bb2a36d4c59655eb0daa4ce48e8dbc4c4/docs/gallery-part-2.md#case-435,@Just_sharon7,https://x.com/Just_sharon7/status/2055368240885641323,后续精选,,已做索引盘点，尚未逐条改写与内容审核；后续按差异和用途精选，不计为2.5适配内容,,
gallery,434,东京街头胶片人像,Photography & Realism,b477278bb2a36d4c59655eb0daa4ce48e8dbc4c4,https://github.com/wangge-dev/awesome-gpt-image-2/blob/b477278bb2a36d4c59655eb0daa4ce48e8dbc4c4/docs/gallery-part-2.md#case-434,@BubbleBrain,https://x.com/BubbleBrain/status/2055491616392052887,后续精选,,已做索引盘点，尚未逐条改写与内容审核；后续按差异和用途精选，不计为2.5适配内容,,
gallery,433,韩国城市水彩旅行插画,Illustration & Art,b477278bb2a36d4c59655eb0daa4ce48e8dbc4c4,https://github.com/wangge-dev/awesome-gpt-image-2/blob/b477278bb2a36d4c59655eb0daa4ce48e8dbc4c4/docs/gallery-part-2.md#case-433,@Taaruk_,https://x.com/Taaruk_/status/2055492435862773978,后续精选,,已做索引盘点，尚未逐条改写与内容审核；后续按差异和用途精选，不计为2.5适配内容,,
gallery,432,大堡礁复古旅行海报,Posters & Typography,b477278bb2a36d4c59655eb0daa4ce48e8dbc4c4,https://github.com/wangge-dev/awesome-gpt-image-2/blob/b477278bb2a36d4c59655eb0daa4ce48e8dbc4c4/docs/gallery-part-2.md#case-432,@jzaib4269,https://x.com/jzaib4269/status/2055487295734620522,后续精选,,已做索引盘点，尚未逐条改写与内容审核；后续按差异和用途精选，不计为2.5适配内容,,
gallery,431,城市文字旅行海报,Posters & Typography,b477278bb2a36d4c59655eb0daa4ce48e8dbc4c4,https://github.com/wangge-dev/awesome-gpt-image-2/blob/b477278bb2a36d4c59655eb0daa4ce48e8dbc4c4/docs/gallery-part-2.md#case-431,@iamaiistudio,https://x.com/iamaiistudio/status/2054563354899857757,后续精选,,已做索引盘点，尚未逐条改写与内容审核；后续按差异和用途精选，不计为2.5适配内容,,
gallery,430,铅笔素描时尚编辑插画,Illustration & Art,b477278bb2a36d4c59655eb0daa4ce48e8dbc4c4,https://github.com/wangge-dev/awesome-gpt-image-2/blob/b477278bb2a36d4c59655eb0daa4ce48e8dbc4c4/docs/gallery-part-2.md#case-430,@harboriis,https://x.com/harboriis/status/2054573031343931418,后续精选,,已做索引盘点，尚未逐条改写与内容审核；后续按差异和用途精选，不计为2.5适配内容,,
gallery,429,韩国便利店粉色 Hoodie 人像,Photography & Realism,b477278bb2a36d4c59655eb0daa4ce48e8dbc4c4,https://github.com/wangge-dev/awesome-gpt-image-2/blob/b477278bb2a36d4c59655eb0daa4ce48e8dbc4c4/docs/gallery-part-2.md#case-429,@john_my07,https://x.com/john_my07/status/2054573350199111928,后续精选,,已做索引盘点，尚未逐条改写与内容审核；后续按差异和用途精选，不计为2.5适配内容,,
gallery,428,F1 直播转播围场截图,Photography & Realism,b477278bb2a36d4c59655eb0daa4ce48e8dbc4c4,https://github.com/wangge-dev/awesome-gpt-image-2/blob/b477278bb2a36d4c59655eb0daa4ce48e8dbc4c4/docs/gallery-part-2.md#case-428,@bigwonbots,https://x.com/bigwonbots/status/2054573714012787059,后续精选,,已做索引盘点，尚未逐条改写与内容审核；后续按差异和用途精选，不计为2.5适配内容,,
gallery,427,9-frame 时尚人像拼贴,Photography & Realism,b477278bb2a36d4c59655eb0daa4ce48e8dbc4c4,https://github.com/wangge-dev/awesome-gpt-image-2/blob/b477278bb2a36d4c59655eb0daa4ce48e8dbc4c4/docs/gallery-part-2.md#case-427,@saniaspeaks_,https://x.com/saniaspeaks_/status/2054046866497573214,后续精选,,已做索引盘点，尚未逐条改写与内容审核；后续按差异和用途精选，不计为2.5适配内容,,
gallery,426,日韩咖啡馆情侣写真,Photography & Realism,b477278bb2a36d4c59655eb0daa4ce48e8dbc4c4,https://github.com/wangge-dev/awesome-gpt-image-2/blob/b477278bb2a36d4c59655eb0daa4ce48e8dbc4c4/docs/gallery-part-2.md#case-426,@sha_zdiii,https://x.com/sha_zdiii/status/2054047328420634927,后续精选,,已做索引盘点，尚未逐条改写与内容审核；后续按差异和用途精选，不计为2.5适配内容,,
gallery,425,黑白时尚人像拼贴海报,Photography & Realism,b477278bb2a36d4c59655eb0daa4ce48e8dbc4c4,https://github.com/wangge-dev/awesome-gpt-image-2/blob/b477278bb2a36d4c59655eb0daa4ce48e8dbc4c4/docs/gallery-part-2.md#case-425,@XSydneyFan,https://x.com/XSydneyFan/status/2054054476429009086,后续精选,,已做索引盘点，尚未逐条改写与内容审核；后续按差异和用途精选，不计为2.5适配内容,,
gallery,424,FMCG 棒棒糖霓虹广告,Products & E-commerce,b477278bb2a36d4c59655eb0daa4ce48e8dbc4c4,https://github.com/wangge-dev/awesome-gpt-image-2/blob/b477278bb2a36d4c59655eb0daa4ce48e8dbc4c4/docs/gallery-part-2.md#case-424,@Diplomeme,https://x.com/Diplomeme/status/2054061713583219149,后续精选,,已做索引盘点，尚未逐条改写与内容审核；后续按差异和用途精选，不计为2.5适配内容,,
gallery,423,日系手绘涂鸦半身插画,Illustration & Art,b477278bb2a36d4c59655eb0daa4ce48e8dbc4c4,https://github.com/wangge-dev/awesome-gpt-image-2/blob/b477278bb2a36d4c59655eb0daa4ce48e8dbc4c4/docs/gallery-part-2.md#case-423,@heyfatema,https://x.com/heyfatema/status/2053703602246668607,后续精选,,已做索引盘点，尚未逐条改写与内容审核；后续按差异和用途精选，不计为2.5适配内容,,
gallery,422,冬季生存惊悚 Storyboard,Scenes & Storytelling,b477278bb2a36d4c59655eb0daa4ce48e8dbc4c4,https://github.com/wangge-dev/awesome-gpt-image-2/blob/b477278bb2a36d4c59655eb0daa4ce48e8dbc4c4/docs/gallery-part-2.md#case-422,@zulkarnaimx,https://x.com/zulkarnaimx/status/2053723774680535538,后续精选,,已做索引盘点，尚未逐条改写与内容审核；后续按差异和用途精选，不计为2.5适配内容,,
gallery,421,iPhone 屏幕遮脸创意人像,Photography & Realism,b477278bb2a36d4c59655eb0daa4ce48e8dbc4c4,https://github.com/wangge-dev/awesome-gpt-image-2/blob/b477278bb2a36d4c59655eb0daa4ce48e8dbc4c4/docs/gallery-part-2.md#case-421,@Ciri_ai,https://x.com/Ciri_ai/status/2053535379618423118,后续精选,,已做索引盘点，尚未逐条改写与内容审核；后续按差异和用途精选，不计为2.5适配内容,,
gallery,420,红跑道低角度夏日人像,Photography & Realism,b477278bb2a36d4c59655eb0daa4ce48e8dbc4c4,https://github.com/wangge-dev/awesome-gpt-image-2/blob/b477278bb2a36d4c59655eb0daa4ce48e8dbc4c4/docs/gallery-part-2.md#case-420,@Shinning1010,https://x.com/Shinning1010/status/2053521749967352285,后续精选,,已做索引盘点，尚未逐条改写与内容审核；后续按差异和用途精选，不计为2.5适配内容,,
gallery,419,可颂烘焙流程 Storyboard,Scenes & Storytelling,b477278bb2a36d4c59655eb0daa4ce48e8dbc4c4,https://github.com/wangge-dev/awesome-gpt-image-2/blob/b477278bb2a36d4c59655eb0daa4ce48e8dbc4c4/docs/gallery-part-2.md#case-419,@TechieBySA,https://x.com/TechieBySA/status/2053523784481554759,改写收录,prompts/gallery/G28.md,保留八格流程与统一角色，删除12秒、配乐等视频条件。,,
gallery,418,中世纪城市旅行海报,Posters & Typography,b477278bb2a36d4c59655eb0daa4ce48e8dbc4c4,https://github.com/wangge-dev/awesome-gpt-image-2/blob/b477278bb2a36d4c59655eb0daa4ce48e8dbc4c4/docs/gallery-part-2.md#case-418,@Goodmanprotocol,https://x.com/Goodmanprotocol/status/2053523890744545437,后续精选,,已做索引盘点，尚未逐条改写与内容审核；后续按差异和用途精选，不计为2.5适配内容,,
gallery,417,复古印尼猫薄荷广告,Posters & Typography,b477278bb2a36d4c59655eb0daa4ce48e8dbc4c4,https://github.com/wangge-dev/awesome-gpt-image-2/blob/b477278bb2a36d4c59655eb0daa4ce48e8dbc4c4/docs/gallery-part-2.md#case-417,@NyaiiBubu,https://x.com/NyaiiBubu/status/2053075349424992532,后续精选,,已做索引盘点，尚未逐条改写与内容审核；后续按差异和用途精选，不计为2.5适配内容,,
gallery,416,Earth Signs 角色 Scrapbook,Characters & People,b477278bb2a36d4c59655eb0daa4ce48e8dbc4c4,https://github.com/wangge-dev/awesome-gpt-image-2/blob/b477278bb2a36d4c59655eb0daa4ce48e8dbc4c4/docs/gallery-part-2.md#case-416,@ZaraIrahh,https://x.com/ZaraIrahh/status/2053075976469512686,后续精选,,已做索引盘点，尚未逐条改写与内容审核；后续按差异和用途精选，不计为2.5适配内容,,
gallery,415,东方神话人物志百科海报,History & Classical Themes,b477278bb2a36d4c59655eb0daa4ce48e8dbc4c4,https://github.com/wangge-dev/awesome-gpt-image-2/blob/b477278bb2a36d4c59655eb0daa4ce48e8dbc4c4/docs/gallery-part-2.md#case-415,@TanLuAI,https://x.com/TanLuAI/status/2053073436122243364,后续精选,,已做索引盘点，尚未逐条改写与内容审核；后续按差异和用途精选，不计为2.5适配内容,,
gallery,414,室内晨间写实摄影,Photography & Realism,b477278bb2a36d4c59655eb0daa4ce48e8dbc4c4,https://github.com/wangge-dev/awesome-gpt-image-2/blob/b477278bb2a36d4c59655eb0daa4ce48e8dbc4c4/docs/gallery-part-2.md#case-414,@ToroJushiAi,https://x.com/ToroJushiAi/status/2053078195482632421,后续精选,,已做索引盘点，尚未逐条改写与内容审核；后续按差异和用途精选，不计为2.5适配内容,,
gallery,413,当代舞现场 Storyboard,Scenes & Storytelling,b477278bb2a36d4c59655eb0daa4ce48e8dbc4c4,https://github.com/wangge-dev/awesome-gpt-image-2/blob/b477278bb2a36d4c59655eb0daa4ce48e8dbc4c4/docs/gallery-part-2.md#case-413,@ogbenniasamuel2,https://x.com/ogbenniasamuel2/status/2053088572031250799,后续精选,,已做索引盘点，尚未逐条改写与内容审核；后续按差异和用途精选，不计为2.5适配内容,,
gallery,412,彩色按钮时尚 Campaign,Photography & Realism,b477278bb2a36d4c59655eb0daa4ce48e8dbc4c4,https://github.com/wangge-dev/awesome-gpt-image-2/blob/b477278bb2a36d4c59655eb0daa4ce48e8dbc4c4/docs/gallery-part-2.md#case-412,@Mind_Boticni,https://x.com/Mind_Boticni/status/2053082199436759258,后续精选,,已做索引盘点，尚未逐条改写与内容审核；后续按差异和用途精选，不计为2.5适配内容,,
gallery,411,极简建筑地标海报,Architecture & Spaces,b477278bb2a36d4c59655eb0daa4ce48e8dbc4c4,https://github.com/wangge-dev/awesome-gpt-image-2/blob/b477278bb2a36d4c59655eb0daa4ce48e8dbc4c4/docs/gallery-part-2.md#case-411,@iamaiistudio,https://x.com/iamaiistudio/status/2053084576520573269,改写收录,prompts/gallery/G02.md,保留建筑与大字互动，文字从自动创作改为明确输入。,,
gallery,410,夸张动漫风主体重绘,Illustration & Art,b477278bb2a36d4c59655eb0daa4ce48e8dbc4c4,https://github.com/wangge-dev/awesome-gpt-image-2/blob/b477278bb2a36d4c59655eb0daa4ce48e8dbc4c4/docs/gallery-part-2.md#case-410,@Zyrellix,https://x.com/Zyrellix/status/2052766810500649197,后续精选,,已做索引盘点，尚未逐条改写与内容审核；后续按差异和用途精选，不计为2.5适配内容,,
gallery,409,拙劣 MS Paint 风重绘,Illustration & Art,b477278bb2a36d4c59655eb0daa4ce48e8dbc4c4,https://github.com/wangge-dev/awesome-gpt-image-2/blob/b477278bb2a36d4c59655eb0daa4ce48e8dbc4c4/docs/gallery-part-2.md#case-409,@Ciri_ai,https://x.com/Ciri_ai/status/2052969749878059362,后续精选,,已做索引盘点，尚未逐条改写与内容审核；后续按差异和用途精选，不计为2.5适配内容,,
gallery,408,Cozy Academia 学习手记,Photography & Realism,b477278bb2a36d4c59655eb0daa4ce48e8dbc4c4,https://github.com/wangge-dev/awesome-gpt-image-2/blob/b477278bb2a36d4c59655eb0daa4ce48e8dbc4c4/docs/gallery-part-2.md#case-408,@Sairah_0,https://x.com/Sairah_0/status/2052969695406325875,后续精选,,已做索引盘点，尚未逐条改写与内容审核；后续按差异和用途精选，不计为2.5适配内容,,
gallery,407,Neuro-AI 混合系统信息图,Charts & Infographics,b477278bb2a36d4c59655eb0daa4ce48e8dbc4c4,https://github.com/wangge-dev/awesome-gpt-image-2/blob/b477278bb2a36d4c59655eb0daa4ce48e8dbc4c4/docs/gallery-part-2.md#case-407,@YaZoraiz,https://x.com/YaZoraiz/status/2052968427514708371,后续精选,,已做索引盘点，尚未逐条改写与内容审核；后续按差异和用途精选，不计为2.5适配内容,,
gallery,406,巨型游戏手柄街头 Campaign,Posters & Typography,b477278bb2a36d4c59655eb0daa4ce48e8dbc4c4,https://github.com/wangge-dev/awesome-gpt-image-2/blob/b477278bb2a36d4c59655eb0daa4ce48e8dbc4c4/docs/gallery-part-2.md#case-406,@AIwithkhan,https://x.com/AIwithkhan/status/2052973449107349725,后续精选,,已做索引盘点，尚未逐条改写与内容审核；后续按差异和用途精选，不计为2.5适配内容,,
gallery,405,可爱纸艺风照片重绘,Illustration & Art,b477278bb2a36d4c59655eb0daa4ce48e8dbc4c4,https://github.com/wangge-dev/awesome-gpt-image-2/blob/b477278bb2a36d4c59655eb0daa4ce48e8dbc4c4/docs/gallery-part-2.md#case-405,@oggii_0,https://x.com/oggii_0/status/2052609040539328759,后续精选,,已做索引盘点，尚未逐条改写与内容审核；后续按差异和用途精选，不计为2.5适配内容,,
gallery,404,豪华社媒破屏商业广告,UI & Interfaces,b477278bb2a36d4c59655eb0daa4ce48e8dbc4c4,https://github.com/wangge-dev/awesome-gpt-image-2/blob/b477278bb2a36d4c59655eb0daa4ce48e8dbc4c4/docs/gallery-part-2.md#case-404,@you1873118,https://x.com/you1873118/status/2052624395932455061,后续精选,,已做索引盘点，尚未逐条改写与内容审核；后续按差异和用途精选，不计为2.5适配内容,,
gallery,403,小红书数字破屏 3D 女孩,UI & Interfaces,b477278bb2a36d4c59655eb0daa4ce48e8dbc4c4,https://github.com/wangge-dev/awesome-gpt-image-2/blob/b477278bb2a36d4c59655eb0daa4ce48e8dbc4c4/docs/gallery-part-2.md#case-403,@MrGafish,https://x.com/MrGafish/status/2052632520563528051,后续精选,,已做索引盘点，尚未逐条改写与内容审核；后续按差异和用途精选，不计为2.5适配内容,,
gallery,402,3D 小红书个人资料卡,UI & Interfaces,b477278bb2a36d4c59655eb0daa4ce48e8dbc4c4,https://github.com/wangge-dev/awesome-gpt-image-2/blob/b477278bb2a36d4c59655eb0daa4ce48e8dbc4c4/docs/gallery-part-2.md#case-402,@MrGafish,https://x.com/MrGafish/status/2052323461268467860,改写收录,prompts/gallery/G29.md,保留镂空卡与坐边人物，删除默认互动数据与平台身份暗示。,,
gallery,401,Lost in 国家旅行海报拼贴,Posters & Typography,b477278bb2a36d4c59655eb0daa4ce48e8dbc4c4,https://github.com/wangge-dev/awesome-gpt-image-2/blob/b477278bb2a36d4c59655eb0daa4ce48e8dbc4c4/docs/gallery-part-2.md#case-401,@SadiaMalik182,https://x.com/SadiaMalik182,后续精选,,已做索引盘点，尚未逐条改写与内容审核；后续按差异和用途精选，不计为2.5适配内容,,
gallery,400,多风格签名选择海报,UI & Interfaces,b477278bb2a36d4c59655eb0daa4ce48e8dbc4c4,https://github.com/wangge-dev/awesome-gpt-image-2/blob/b477278bb2a36d4c59655eb0daa4ce48e8dbc4c4/docs/gallery-part-2.md#case-400,GitHub prompt,https://github.com/zaizhi-1112/ai-image-extension-playbook/blob/main/signature-image-prompts-gpt-image-2.md,后续精选,,已做索引盘点，尚未逐条改写与内容审核；后续按差异和用途精选，不计为2.5适配内容,,
gallery,399,唱片公司楼梯间写真人像,Photography & Realism,b477278bb2a36d4c59655eb0daa4ce48e8dbc4c4,https://github.com/wangge-dev/awesome-gpt-image-2/blob/b477278bb2a36d4c59655eb0daa4ce48e8dbc4c4/docs/gallery-part-2.md#case-399,@BubbleBrain,https://x.com/BubbleBrain/status/2052217544388546827,后续精选,,已做索引盘点，尚未逐条改写与内容审核；后续按差异和用途精选，不计为2.5适配内容,,
gallery,398,8 套日常穿搭编辑拼贴,Characters & People,b477278bb2a36d4c59655eb0daa4ce48e8dbc4c4,https://github.com/wangge-dev/awesome-gpt-image-2/blob/b477278bb2a36d4c59655eb0daa4ce48e8dbc4c4/docs/gallery-part-2.md#case-398,@aiwithaly,https://x.com/aiwithaly/status/2052218645951205463,后续精选,,已做索引盘点，尚未逐条改写与内容审核；后续按差异和用途精选，不计为2.5适配内容,,
gallery,397,街舞角色设定参考图,Characters & People,b477278bb2a36d4c59655eb0daa4ce48e8dbc4c4,https://github.com/wangge-dev/awesome-gpt-image-2/blob/b477278bb2a36d4c59655eb0daa4ce48e8dbc4c4/docs/gallery-part-2.md#case-397,@ChangningL29508,https://x.com/ChangningL29508/status/2052229452080591276,后续精选,,已做索引盘点，尚未逐条改写与内容审核；后续按差异和用途精选，不计为2.5适配内容,,
gallery,396,龙类物种复古百科海报,Posters & Typography,b477278bb2a36d4c59655eb0daa4ce48e8dbc4c4,https://github.com/wangge-dev/awesome-gpt-image-2/blob/b477278bb2a36d4c59655eb0daa4ce48e8dbc4c4/docs/gallery-part-2.md#case-396,@sha_zdiii,https://x.com/sha_zdiii/status/2052237839119835280,后续精选,,已做索引盘点，尚未逐条改写与内容审核；后续按差异和用途精选，不计为2.5适配内容,,
gallery,395,骑士法师大战石像魔像,Scenes & Storytelling,b477278bb2a36d4c59655eb0daa4ce48e8dbc4c4,https://github.com/wangge-dev/awesome-gpt-image-2/blob/b477278bb2a36d4c59655eb0daa4ce48e8dbc4c4/docs/gallery-part-2.md#case-395,@RamonVi25791296,https://x.com/RamonVi25791296/status/2051568239142973832,后续精选,,已做索引盘点，尚未逐条改写与内容审核；后续按差异和用途精选，不计为2.5适配内容,,
gallery,394,中世纪村庄双精灵冒险者,Scenes & Storytelling,b477278bb2a36d4c59655eb0daa4ce48e8dbc4c4,https://github.com/wangge-dev/awesome-gpt-image-2/blob/b477278bb2a36d4c59655eb0daa4ce48e8dbc4c4/docs/gallery-part-2.md#case-394,@RamonVi25791296,https://x.com/RamonVi25791296/status/2051568239142973832,后续精选,,已做索引盘点，尚未逐条改写与内容审核；后续按差异和用途精选，不计为2.5适配内容,,
gallery,393,Y2K 金色时刻人像,Photography & Realism,b477278bb2a36d4c59655eb0daa4ce48e8dbc4c4,https://github.com/wangge-dev/awesome-gpt-image-2/blob/b477278bb2a36d4c59655eb0daa4ce48e8dbc4c4/docs/gallery-part-2.md#case-393,@SiliconBarbie_,https://x.com/SiliconBarbie_/status/2051475105403040014,后续精选,,已做索引盘点，尚未逐条改写与内容审核；后续按差异和用途精选，不计为2.5适配内容,,
gallery,392,头发里的微型城市,Scenes & Storytelling,b477278bb2a36d4c59655eb0daa4ce48e8dbc4c4,https://github.com/wangge-dev/awesome-gpt-image-2/blob/b477278bb2a36d4c59655eb0daa4ce48e8dbc4c4/docs/gallery-part-2.md#case-392,@krafterlab,https://x.com/krafterlab/status/2051399740986740986,后续精选,,已做索引盘点，尚未逐条改写与内容审核；后续按差异和用途精选，不计为2.5适配内容,,
gallery,391,四国文化锚点服装设计宫格,Other Use Cases,b477278bb2a36d4c59655eb0daa4ce48e8dbc4c4,https://github.com/wangge-dev/awesome-gpt-image-2/blob/b477278bb2a36d4c59655eb0daa4ce48e8dbc4c4/docs/gallery-part-2.md#case-391,@Gdgtify,https://x.com/Gdgtify/status/2051428657571279137,后续精选,,已做索引盘点，尚未逐条改写与内容审核；后续按差异和用途精选，不计为2.5适配内容,,
gallery,390,羊毛毡国家微缩世界,Scenes & Storytelling,b477278bb2a36d4c59655eb0daa4ce48e8dbc4c4,https://github.com/wangge-dev/awesome-gpt-image-2/blob/b477278bb2a36d4c59655eb0daa4ce48e8dbc4c4/docs/gallery-part-2.md#case-390,@volkan_iras,https://x.com/volkan_iras/status/2051403524966141980,后续精选,,已做索引盘点，尚未逐条改写与内容审核；后续按差异和用途精选，不计为2.5适配内容,,
gallery,389,Transparent Labs Hydrate 健身补剂 Campaign,Posters & Typography,b477278bb2a36d4c59655eb0daa4ce48e8dbc4c4,https://github.com/wangge-dev/awesome-gpt-image-2/blob/b477278bb2a36d4c59655eb0daa4ce48e8dbc4c4/docs/gallery-part-2.md#case-389,@amynys,https://x.com/amynys/status/2051409591137972606,后续精选,,已做索引盘点，尚未逐条改写与内容审核；后续按差异和用途精选，不计为2.5适配内容,,
gallery,388,1980s Claude 复古杂志广告,Posters & Typography,b477278bb2a36d4c59655eb0daa4ce48e8dbc4c4,https://github.com/wangge-dev/awesome-gpt-image-2/blob/b477278bb2a36d4c59655eb0daa4ce48e8dbc4c4/docs/gallery-part-2.md#case-388,@Shinning1010,https://x.com/Shinning1010/status/2051410804805599436,后续精选,,已做索引盘点，尚未逐条改写与内容审核；后续按差异和用途精选，不计为2.5适配内容,,
gallery,387,Netflix 首页主视觉 UI,UI & Interfaces,b477278bb2a36d4c59655eb0daa4ce48e8dbc4c4,https://github.com/wangge-dev/awesome-gpt-image-2/blob/b477278bb2a36d4c59655eb0daa4ce48e8dbc4c4/docs/gallery-part-2.md#case-387,@aimikoda,https://x.com/aimikoda/status/2051420440451801240,改写收录,prompts/gallery/G30.md,把一句Netflix首页提示展开为可控区域和文案，保留用户参考主视觉。,,
gallery,386,品牌包络产品广告,Brand & Logos,b477278bb2a36d4c59655eb0daa4ce48e8dbc4c4,https://github.com/wangge-dev/awesome-gpt-image-2/blob/b477278bb2a36d4c59655eb0daa4ce48e8dbc4c4/docs/gallery-part-2.md#case-386,@SRKDAN,https://x.com/SRKDAN/status/2051482047248560393,后续精选,,已做索引盘点，尚未逐条改写与内容审核；后续按差异和用途精选，不计为2.5适配内容,,
gallery,385,青岛啤酒灵感女装系列,Other Use Cases,b477278bb2a36d4c59655eb0daa4ce48e8dbc4c4,https://github.com/wangge-dev/awesome-gpt-image-2/blob/b477278bb2a36d4c59655eb0daa4ce48e8dbc4c4/docs/gallery-part-2.md#case-385,@Popcraft_ai,https://x.com/Popcraft_ai/status/2051142270381170754,后续精选,,已做索引盘点，尚未逐条改写与内容审核；后续按差异和用途精选，不计为2.5适配内容,,
gallery,384,十国传统服饰时尚拼贴,Characters & People,b477278bb2a36d4c59655eb0daa4ce48e8dbc4c4,https://github.com/wangge-dev/awesome-gpt-image-2/blob/b477278bb2a36d4c59655eb0daa4ce48e8dbc4c4/docs/gallery-part-2.md#case-384,@amynys,https://x.com/amynys/status/2051287229532639677,后续精选,,已做索引盘点，尚未逐条改写与内容审核；后续按差异和用途精选，不计为2.5适配内容,,
gallery,383,AI 日常生活 iPhone 抓拍,Photography & Realism,b477278bb2a36d4c59655eb0daa4ce48e8dbc4c4,https://github.com/wangge-dev/awesome-gpt-image-2/blob/b477278bb2a36d4c59655eb0daa4ce48e8dbc4c4/docs/gallery-part-2.md#case-383,@Ciri_ai,https://x.com/Ciri_ai/status/2051292618248904809,后续精选,,已做索引盘点，尚未逐条改写与内容审核；后续按差异和用途精选，不计为2.5适配内容,,
gallery,382,春日花田三联竖版写真拼贴,Photography & Realism,b477278bb2a36d4c59655eb0daa4ce48e8dbc4c4,https://github.com/wangge-dev/awesome-gpt-image-2/blob/b477278bb2a36d4c59655eb0daa4ce48e8dbc4c4/docs/gallery-part-2.md#case-382,@frametheory058,https://x.com/frametheory058/status/2051294907214844249,后续精选,,已做索引盘点，尚未逐条改写与内容审核；后续按差异和用途精选，不计为2.5适配内容,,
gallery,381,90 年代公寓场景参考板,Architecture & Spaces,b477278bb2a36d4c59655eb0daa4ce48e8dbc4c4,https://github.com/wangge-dev/awesome-gpt-image-2/blob/b477278bb2a36d4c59655eb0daa4ce48e8dbc4c4/docs/gallery-part-2.md#case-381,@Iancu_ai,https://x.com/Iancu_ai/status/2051287273581203888,后续精选,,已做索引盘点，尚未逐条改写与内容审核；后续按差异和用途精选，不计为2.5适配内容,,
gallery,380,冠状病毒尺度缩放科学信息图,Charts & Infographics,b477278bb2a36d4c59655eb0daa4ce48e8dbc4c4,https://github.com/wangge-dev/awesome-gpt-image-2/blob/b477278bb2a36d4c59655eb0daa4ce48e8dbc4c4/docs/gallery-part-2.md#case-380,@Gdgtify,https://x.com/Gdgtify/status/2051288232613351571,后续精选,,已做索引盘点，尚未逐条改写与内容审核；后续按差异和用途精选，不计为2.5适配内容,,
gallery,379,品牌人格漫画信息图,Brand & Logos,b477278bb2a36d4c59655eb0daa4ce48e8dbc4c4,https://github.com/wangge-dev/awesome-gpt-image-2/blob/b477278bb2a36d4c59655eb0daa4ce48e8dbc4c4/docs/gallery-part-2.md#case-379,@CallumGrey,https://x.com/CallumGrey/status/2051293342139584922,后续精选,,已做索引盘点，尚未逐条改写与内容审核；后续按差异和用途精选，不计为2.5适配内容,,
gallery,378,高端 3D 收藏玩具头像,Characters & People,b477278bb2a36d4c59655eb0daa4ce48e8dbc4c4,https://github.com/wangge-dev/awesome-gpt-image-2/blob/b477278bb2a36d4c59655eb0daa4ce48e8dbc4c4/docs/gallery-part-2.md#case-378,@Genematicai,https://x.com/Genematicai/status/2050654848216109429,后续精选,,已做索引盘点，尚未逐条改写与内容审核；后续按差异和用途精选，不计为2.5适配内容,,
gallery,377,樱花咖啡户外人像,Photography & Realism,b477278bb2a36d4c59655eb0daa4ce48e8dbc4c4,https://github.com/wangge-dev/awesome-gpt-image-2/blob/b477278bb2a36d4c59655eb0daa4ce48e8dbc4c4/docs/gallery-part-2.md#case-377,@xRahultripathi,https://x.com/xRahultripathi/status/2050677614168391716,后续精选,,已做索引盘点，尚未逐条改写与内容审核；后续按差异和用途精选，不计为2.5适配内容,,
gallery,376,泼洒抹茶街头手机照片,Photography & Realism,b477278bb2a36d4c59655eb0daa4ce48e8dbc4c4,https://github.com/wangge-dev/awesome-gpt-image-2/blob/b477278bb2a36d4c59655eb0daa4ce48e8dbc4c4/docs/gallery-part-2.md#case-376,@Shinning1010,https://x.com/Shinning1010/status/2050693240253214894,后续精选,,已做索引盘点，尚未逐条改写与内容审核；后续按差异和用途精选，不计为2.5适配内容,,
gallery,375,古希腊三哲时间轴城市图,Charts & Infographics,b477278bb2a36d4c59655eb0daa4ce48e8dbc4c4,https://github.com/wangge-dev/awesome-gpt-image-2/blob/b477278bb2a36d4c59655eb0daa4ce48e8dbc4c4/docs/gallery-part-2.md#case-375,@ToroJushiAi,https://x.com/ToroJushiAi/status/2050713034503409874,后续精选,,已做索引盘点，尚未逐条改写与内容审核；后续按差异和用途精选，不计为2.5适配内容,,
gallery,374,彩色潦草小狗线条风格重绘,Illustration & Art,b477278bb2a36d4c59655eb0daa4ce48e8dbc4c4,https://github.com/wangge-dev/awesome-gpt-image-2/blob/b477278bb2a36d4c59655eb0daa4ce48e8dbc4c4/docs/gallery-part-2.md#case-374,@berryxia,https://x.com/berryxia/status/2050226420681757102,后续精选,,已做索引盘点，尚未逐条改写与内容审核；后续按差异和用途精选，不计为2.5适配内容,,
gallery,373,高端肉类海鲜品牌英雄图,Products & E-commerce,b477278bb2a36d4c59655eb0daa4ce48e8dbc4c4,https://github.com/wangge-dev/awesome-gpt-image-2/blob/b477278bb2a36d4c59655eb0daa4ce48e8dbc4c4/docs/gallery-part-2.md#case-373,@xpg0970,https://x.com/xpg0970/status/2050108279385419965,后续精选,,已做索引盘点，尚未逐条改写与内容审核；后续按差异和用途精选，不计为2.5适配内容,,
gallery,372,可爱角色设定表,Characters & People,b477278bb2a36d4c59655eb0daa4ce48e8dbc4c4,https://github.com/wangge-dev/awesome-gpt-image-2/blob/b477278bb2a36d4c59655eb0daa4ce48e8dbc4c4/docs/gallery-part-2.md#case-372,@xRahultripathi,https://x.com/xRahultripathi/status/2050152865566708134,后续精选,,已做索引盘点，尚未逐条改写与内容审核；后续按差异和用途精选，不计为2.5适配内容,,
gallery,371,Scrapbook 真人图与迷你分身,Characters & People,b477278bb2a36d4c59655eb0daa4ce48e8dbc4c4,https://github.com/wangge-dev/awesome-gpt-image-2/blob/b477278bb2a36d4c59655eb0daa4ce48e8dbc4c4/docs/gallery-part-2.md#case-371,@Kashberg_0,https://x.com/Kashberg_0/status/2050272100884340783,后续精选,,已做索引盘点，尚未逐条改写与内容审核；后续按差异和用途精选，不计为2.5适配内容,,
gallery,370,Crumple Chair 概念沙发研发板,Products & E-commerce,b477278bb2a36d4c59655eb0daa4ce48e8dbc4c4,https://github.com/wangge-dev/awesome-gpt-image-2/blob/b477278bb2a36d4c59655eb0daa4ce48e8dbc4c4/docs/gallery-part-2.md#case-370,@ShamsAmin56,https://x.com/ShamsAmin56/status/2050281206139461780,后续精选,,已做索引盘点，尚未逐条改写与内容审核；后续按差异和用途精选，不计为2.5适配内容,,
gallery,369,明洞旅游区域地图,Architecture & Spaces,b477278bb2a36d4c59655eb0daa4ce48e8dbc4c4,https://github.com/wangge-dev/awesome-gpt-image-2/blob/b477278bb2a36d4c59655eb0daa4ce48e8dbc4c4/docs/gallery-part-2.md#case-369,@so_ainsight,https://x.com/so_ainsight/status/2050354639036654048,后续精选,,已做索引盘点，尚未逐条改写与内容审核；后续按差异和用途精选，不计为2.5适配内容,,
gallery,368,印度餐厅菜单改造宣传图,Other Use Cases,b477278bb2a36d4c59655eb0daa4ce48e8dbc4c4,https://github.com/wangge-dev/awesome-gpt-image-2/blob/b477278bb2a36d4c59655eb0daa4ce48e8dbc4c4/docs/gallery-part-2.md#case-368,@Johnson998877,https://x.com/Johnson998877/status/2050354965110268123,改写收录,prompts/gallery/G15.md,保留菜单视觉改造，菜单和菜品照片分别负责文字与外观。,,
gallery,367,VELORA 奢华香水广告海报,Posters & Typography,b477278bb2a36d4c59655eb0daa4ce48e8dbc4c4,https://github.com/wangge-dev/awesome-gpt-image-2/blob/b477278bb2a36d4c59655eb0daa4ce48e8dbc4c4/docs/gallery-part-2.md#case-367,@akkiwani703,https://x.com/akkiwani703/status/2049778680969437564,后续精选,,已做索引盘点，尚未逐条改写与内容审核；后续按差异和用途精选，不计为2.5适配内容,,
gallery,366,咖啡馆写实照片与 2D 涂鸦叠加,Photography & Realism,b477278bb2a36d4c59655eb0daa4ce48e8dbc4c4,https://github.com/wangge-dev/awesome-gpt-image-2/blob/b477278bb2a36d4c59655eb0daa4ce48e8dbc4c4/docs/gallery-part-2.md#case-366,@Jawad_Rahman_,https://x.com/Jawad_Rahman_/status/2049796647237066971,后续精选,,已做索引盘点，尚未逐条改写与内容审核；后续按差异和用途精选，不计为2.5适配内容,,
gallery,365,科学家收藏级玩具发布板,Products & E-commerce,b477278bb2a36d4c59655eb0daa4ce48e8dbc4c4,https://github.com/wangge-dev/awesome-gpt-image-2/blob/b477278bb2a36d4c59655eb0daa4ce48e8dbc4c4/docs/gallery-part-2.md#case-365,@Gdgtify,https://x.com/Gdgtify/status/2049766203392921897,后续精选,,已做索引盘点，尚未逐条改写与内容审核；后续按差异和用途精选，不计为2.5适配内容,,
gallery,364,奢华个人色彩档案信息图,Charts & Infographics,b477278bb2a36d4c59655eb0daa4ce48e8dbc4c4,https://github.com/wangge-dev/awesome-gpt-image-2/blob/b477278bb2a36d4c59655eb0daa4ce48e8dbc4c4/docs/gallery-part-2.md#case-364,@meng_dagg695,https://x.com/meng_dagg695/status/2049822844918575586,后续精选,,已做索引盘点，尚未逐条改写与内容审核；后续按差异和用途精选，不计为2.5适配内容,,
gallery,363,磁场铁粉 Logo 物理成像,Other Use Cases,b477278bb2a36d4c59655eb0daa4ce48e8dbc4c4,https://github.com/wangge-dev/awesome-gpt-image-2/blob/b477278bb2a36d4c59655eb0daa4ce48e8dbc4c4/docs/gallery-part-2.md#case-363,@Naiknelofar788,https://x.com/Naiknelofar788/status/2049835482331357460,改写收录,prompts/gallery/G16.md,保留磁场材质变换，避免把图像效果当真实物理实验。,,
gallery,362,抹茶品牌触点系统视觉板,Brand & Logos,b477278bb2a36d4c59655eb0daa4ce48e8dbc4c4,https://github.com/wangge-dev/awesome-gpt-image-2/blob/b477278bb2a36d4c59655eb0daa4ce48e8dbc4c4/docs/gallery-part-2.md#case-362,@Preda2005,https://x.com/Preda2005/status/2049846981271699685,后续精选,,已做索引盘点，尚未逐条改写与内容审核；后续按差异和用途精选，不计为2.5适配内容,,
gallery,361,手机爆炸拆解图,Charts & Infographics,b477278bb2a36d4c59655eb0daa4ce48e8dbc4c4,https://github.com/wangge-dev/awesome-gpt-image-2/blob/b477278bb2a36d4c59655eb0daa4ce48e8dbc4c4/docs/gallery-part-2.md#case-361,@Ankit_patel211,https://x.com/Ankit_patel211/status/2048834306379075759,后续精选,,已做索引盘点，尚未逐条改写与内容审核；后续按差异和用途精选，不计为2.5适配内容,,
gallery,360,长发造型分析信息图,Charts & Infographics,b477278bb2a36d4c59655eb0daa4ce48e8dbc4c4,https://github.com/wangge-dev/awesome-gpt-image-2/blob/b477278bb2a36d4c59655eb0daa4ce48e8dbc4c4/docs/gallery-part-2.md#case-360,@Gemalpha_88,https://x.com/Gemalpha_88/status/2048918707343401034,后续精选,,已做索引盘点，尚未逐条改写与内容审核；后续按差异和用途精选，不计为2.5适配内容,,
gallery,359,水墨双重曝光人物海报,Posters & Typography,b477278bb2a36d4c59655eb0daa4ce48e8dbc4c4,https://github.com/wangge-dev/awesome-gpt-image-2/blob/b477278bb2a36d4c59655eb0daa4ce48e8dbc4c4/docs/gallery-part-2.md#case-359,@Goodmanprotocol,https://x.com/Goodmanprotocol/status/2049002279051895243,后续精选,,已做索引盘点，尚未逐条改写与内容审核；后续按差异和用途精选，不计为2.5适配内容,,
gallery,358,草莓能量饮料商业广告,Products & E-commerce,b477278bb2a36d4c59655eb0daa4ce48e8dbc4c4,https://github.com/wangge-dev/awesome-gpt-image-2/blob/b477278bb2a36d4c59655eb0daa4ce48e8dbc4c4/docs/gallery-part-2.md#case-358,@SPEEDAI07,https://x.com/SPEEDAI07/status/2049043627163435040,后续精选,,已做索引盘点，尚未逐条改写与内容审核；后续按差异和用途精选，不计为2.5适配内容,,
gallery,357,鱼眼镜面复古咖啡馆人像,Photography & Realism,b477278bb2a36d4c59655eb0daa4ce48e8dbc4c4,https://github.com/wangge-dev/awesome-gpt-image-2/blob/b477278bb2a36d4c59655eb0daa4ce48e8dbc4c4/docs/gallery-part-2.md#case-357,@harboriis,https://x.com/harboriis/status/2049044698900361241,后续精选,,已做索引盘点，尚未逐条改写与内容审核；后续按差异和用途精选，不计为2.5适配内容,,
gallery,356,过度思考超现实街头 Campaign,Illustration & Art,b477278bb2a36d4c59655eb0daa4ce48e8dbc4c4,https://github.com/wangge-dev/awesome-gpt-image-2/blob/b477278bb2a36d4c59655eb0daa4ce48e8dbc4c4/docs/gallery-part-2.md#case-356,@AIwithAliya,https://x.com/AIwithAliya/status/2049044716642316758,后续精选,,已做索引盘点，尚未逐条改写与内容审核；后续按差异和用途精选，不计为2.5适配内容,,
gallery,355,概念字体海报 Prompt,Posters & Typography,b477278bb2a36d4c59655eb0daa4ce48e8dbc4c4,https://github.com/wangge-dev/awesome-gpt-image-2/blob/b477278bb2a36d4c59655eb0daa4ce48e8dbc4c4/docs/gallery-part-2.md#case-355,@dotey,https://x.com/dotey/status/2048793351290327381,后续精选,,已做索引盘点，尚未逐条改写与内容审核；后续按差异和用途精选，不计为2.5适配内容,,
gallery,354,Logo 与品牌身份系统提示词合集,Brand & Logos,b477278bb2a36d4c59655eb0daa4ce48e8dbc4c4,https://github.com/wangge-dev/awesome-gpt-image-2/blob/b477278bb2a36d4c59655eb0daa4ce48e8dbc4c4/docs/gallery-part-2.md#case-354,@wanerfu,https://x.com/wanerfu/status/2048659924822184026,后续精选,,已做索引盘点，尚未逐条改写与内容审核；后续按差异和用途精选，不计为2.5适配内容,,
gallery,353,品牌口红推荐报告信息图,Charts & Infographics,b477278bb2a36d4c59655eb0daa4ce48e8dbc4c4,https://github.com/wangge-dev/awesome-gpt-image-2/blob/b477278bb2a36d4c59655eb0daa4ce48e8dbc4c4/docs/gallery-part-2.md#case-353,@liyue_ai,https://x.com/liyue_ai/status/2048667226195317219,后续精选,,已做索引盘点，尚未逐条改写与内容审核；后续按差异和用途精选，不计为2.5适配内容,,
gallery,352,西楚霸王国风暗黑海报,Posters & Typography,b477278bb2a36d4c59655eb0daa4ce48e8dbc4c4,https://github.com/wangge-dev/awesome-gpt-image-2/blob/b477278bb2a36d4c59655eb0daa4ce48e8dbc4c4/docs/gallery-part-2.md#case-352,@stellimbris,https://x.com/stellimbris/status/2048633434961072617,后续精选,,已做索引盘点，尚未逐条改写与内容审核；后续按差异和用途精选，不计为2.5适配内容,,
gallery,351,健身品牌力量 Campaign,Posters & Typography,b477278bb2a36d4c59655eb0daa4ce48e8dbc4c4,https://github.com/wangge-dev/awesome-gpt-image-2/blob/b477278bb2a36d4c59655eb0daa4ce48e8dbc4c4/docs/gallery-part-2.md#case-351,@AIwithSynthia,https://x.com/AIwithSynthia/status/2048601383545577614,后续精选,,已做索引盘点，尚未逐条改写与内容审核；后续按差异和用途精选，不计为2.5适配内容,,
gallery,350,足球球员数据涂鸦海报,Posters & Typography,b477278bb2a36d4c59655eb0daa4ce48e8dbc4c4,https://github.com/wangge-dev/awesome-gpt-image-2/blob/b477278bb2a36d4c59655eb0daa4ce48e8dbc4c4/docs/gallery-part-2.md#case-350,@ryanpp27,https://x.com/ryanpp27/status/2048602248524214542,后续精选,,已做索引盘点，尚未逐条改写与内容审核；后续按差异和用途精选，不计为2.5适配内容,,
gallery,349,运动时尚三联 Campaign,Photography & Realism,b477278bb2a36d4c59655eb0daa4ce48e8dbc4c4,https://github.com/wangge-dev/awesome-gpt-image-2/blob/b477278bb2a36d4c59655eb0daa4ce48e8dbc4c4/docs/gallery-part-2.md#case-349,@AIwithkhan,https://x.com/AIwithkhan/status/2048606301039820821,后续精选,,已做索引盘点，尚未逐条改写与内容审核；后续按差异和用途精选，不计为2.5适配内容,,
gallery,348,胡须风格分析海报,Posters & Typography,b477278bb2a36d4c59655eb0daa4ce48e8dbc4c4,https://github.com/wangge-dev/awesome-gpt-image-2/blob/b477278bb2a36d4c59655eb0daa4ce48e8dbc4c4/docs/gallery-part-2.md#case-348,@RizwanAly07,https://x.com/RizwanAly07/status/2048610196302250019,后续精选,,已做索引盘点，尚未逐条改写与内容审核；后续按差异和用途精选，不计为2.5适配内容,,
gallery,347,4×4 动作分解参考表,Characters & People,b477278bb2a36d4c59655eb0daa4ce48e8dbc4c4,https://github.com/wangge-dev/awesome-gpt-image-2/blob/b477278bb2a36d4c59655eb0daa4ce48e8dbc4c4/docs/gallery-part-2.md#case-347,@oggii_0,https://x.com/oggii_0/status/2048614158699217302,后续精选,,已做索引盘点，尚未逐条改写与内容审核；后续按差异和用途精选，不计为2.5适配内容,,
gallery,346,立体刺绣小鸟花枝,Illustration & Art,b477278bb2a36d4c59655eb0daa4ce48e8dbc4c4,https://github.com/wangge-dev/awesome-gpt-image-2/blob/b477278bb2a36d4c59655eb0daa4ce48e8dbc4c4/docs/gallery-part-2.md#case-346,@dotey,https://x.com/dotey/status/2048529821706195442,后续精选,,已做索引盘点，尚未逐条改写与内容审核；后续按差异和用途精选，不计为2.5适配内容,,
gallery,345,法新浪潮撕纸电影海报,Posters & Typography,b477278bb2a36d4c59655eb0daa4ce48e8dbc4c4,https://github.com/wangge-dev/awesome-gpt-image-2/blob/b477278bb2a36d4c59655eb0daa4ce48e8dbc4c4/docs/gallery-part-2.md#case-345,@bananaprompts,https://x.com/bananaprompts/status/2048541390900994476,后续精选,,已做索引盘点，尚未逐条改写与内容审核；后续按差异和用途精选，不计为2.5适配内容,,
gallery,344,NOIR 街头服饰 Campaign,Brand & Logos,b477278bb2a36d4c59655eb0daa4ce48e8dbc4c4,https://github.com/wangge-dev/awesome-gpt-image-2/blob/b477278bb2a36d4c59655eb0daa4ce48e8dbc4c4/docs/gallery-part-2.md#case-344,@Daniel_adsss,https://x.com/Daniel_adsss/status/2048542581638701446,后续精选,,已做索引盘点，尚未逐条改写与内容审核；后续按差异和用途精选，不计为2.5适配内容,,
gallery,343,高定时尚杂志封面,Posters & Typography,b477278bb2a36d4c59655eb0daa4ce48e8dbc4c4,https://github.com/wangge-dev/awesome-gpt-image-2/blob/b477278bb2a36d4c59655eb0daa4ce48e8dbc4c4/docs/gallery-part-2.md#case-343,@SPEEDAI07,https://x.com/SPEEDAI07/status/2048573343066992919,后续精选,,已做索引盘点，尚未逐条改写与内容审核；后续按差异和用途精选，不计为2.5适配内容,,
gallery,342,四季包装 Campaign 宫格,Brand & Logos,b477278bb2a36d4c59655eb0daa4ce48e8dbc4c4,https://github.com/wangge-dev/awesome-gpt-image-2/blob/b477278bb2a36d4c59655eb0daa4ce48e8dbc4c4/docs/gallery-part-2.md#case-342,@SRKDAN,https://x.com/SRKDAN/status/2048582939504431195,后续精选,,已做索引盘点，尚未逐条改写与内容审核；后续按差异和用途精选，不计为2.5适配内容,,
gallery,341,AP Calculus 学习表信息图,Charts & Infographics,b477278bb2a36d4c59655eb0daa4ce48e8dbc4c4,https://github.com/wangge-dev/awesome-gpt-image-2/blob/b477278bb2a36d4c59655eb0daa4ce48e8dbc4c4/docs/gallery-part-2.md#case-341,@hqmank,https://x.com/hqmank/status/2048587150544028084,后续精选,,已做索引盘点，尚未逐条改写与内容审核；后续按差异和用途精选，不计为2.5适配内容,,
gallery,340,彼岸花丛中的红妆女子,Scenes & Storytelling,b477278bb2a36d4c59655eb0daa4ce48e8dbc4c4,https://github.com/wangge-dev/awesome-gpt-image-2/blob/b477278bb2a36d4c59655eb0daa4ce48e8dbc4c4/docs/gallery-part-2.md#case-340,@xiaofenggan,https://x.com/xiaofenggan,后续精选,,已做索引盘点，尚未逐条改写与内容审核；后续按差异和用途精选，不计为2.5适配内容,,
gallery,339,Apple 风格自然科普海报,Posters & Typography,b477278bb2a36d4c59655eb0daa4ce48e8dbc4c4,https://github.com/wangge-dev/awesome-gpt-image-2/blob/b477278bb2a36d4c59655eb0daa4ce48e8dbc4c4/docs/gallery-part-2.md#case-339,@berryxia,https://x.com/berryxia/status/2048251413147644100,后续精选,,已做索引盘点，尚未逐条改写与内容审核；后续按差异和用途精选，不计为2.5适配内容,,
gallery,338,《赤壁怀古》长卷图,History & Classical Themes,b477278bb2a36d4c59655eb0daa4ce48e8dbc4c4,https://github.com/wangge-dev/awesome-gpt-image-2/blob/b477278bb2a36d4c59655eb0daa4ce48e8dbc4c4/docs/gallery-part-2.md#case-338,苍何原创实测（公众号文章《我逆向了 329 条 GPT-Image2 提示词模板，全部开源！》）,,改写收录,prompts/gallery/G11.md,修正原提示标题与全文作品不一致的问题，长卷不等于无限宽输出。,,
gallery,337,《短歌行》诗词意境图,History & Classical Themes,b477278bb2a36d4c59655eb0daa4ce48e8dbc4c4,https://github.com/wangge-dev/awesome-gpt-image-2/blob/b477278bb2a36d4c59655eb0daa4ce48e8dbc4c4/docs/gallery-part-2.md#case-337,苍何原创实测（公众号文章《我逆向了 329 条 GPT-Image2 提示词模板，全部开源！》）,,改写收录,prompts/gallery/G12.md,把指定全文转为准确输入，保留诗意与可读文字的双重目标。,,
gallery,336,个人网页视觉设计,UI & Interfaces,b477278bb2a36d4c59655eb0daa4ce48e8dbc4c4,https://github.com/wangge-dev/awesome-gpt-image-2/blob/b477278bb2a36d4c59655eb0daa4ce48e8dbc4c4/docs/gallery-part-2.md#case-336,苍何原创实测（公众号文章《我逆向了 329 条 GPT-Image2 提示词模板，全部开源！》）,,后续精选,,已做索引盘点，尚未逐条改写与内容审核；后续按差异和用途精选，不计为2.5适配内容,,
gallery,335,朋友圈截图生成,UI & Interfaces,b477278bb2a36d4c59655eb0daa4ce48e8dbc4c4,https://github.com/wangge-dev/awesome-gpt-image-2/blob/b477278bb2a36d4c59655eb0daa4ce48e8dbc4c4/docs/gallery-part-2.md#case-335,苍何原创实测（公众号文章《我逆向了 329 条 GPT-Image2 提示词模板，全部开源！》）,,后续精选,,已做索引盘点，尚未逐条改写与内容审核；后续按差异和用途精选，不计为2.5适配内容,,
gallery,334,RAG 技术详解图,Charts & Infographics,b477278bb2a36d4c59655eb0daa4ce48e8dbc4c4,https://github.com/wangge-dev/awesome-gpt-image-2/blob/b477278bb2a36d4c59655eb0daa4ce48e8dbc4c4/docs/gallery-part-2.md#case-334,苍何原创实测（公众号文章《我逆向了 329 条 GPT-Image2 提示词模板，全部开源！》）,,后续精选,,已做索引盘点，尚未逐条改写与内容审核；后续按差异和用途精选，不计为2.5适配内容,,
gallery,333,AI 眼镜爆炸拆解图,Charts & Infographics,b477278bb2a36d4c59655eb0daa4ce48e8dbc4c4,https://github.com/wangge-dev/awesome-gpt-image-2/blob/b477278bb2a36d4c59655eb0daa4ce48e8dbc4c4/docs/gallery-part-2.md#case-333,苍何原创实测（公众号文章《我逆向了 329 条 GPT-Image2 提示词模板，全部开源！》）,,后续精选,,已做索引盘点，尚未逐条改写与内容审核；后续按差异和用途精选，不计为2.5适配内容,,
gallery,332,茶π产品宣传海报,Posters & Typography,b477278bb2a36d4c59655eb0daa4ce48e8dbc4c4,https://github.com/wangge-dev/awesome-gpt-image-2/blob/b477278bb2a36d4c59655eb0daa4ce48e8dbc4c4/docs/gallery-part-2.md#case-332,苍何原创实测（公众号文章《我逆向了 329 条 GPT-Image2 提示词模板，全部开源！》）,,后续精选,,已做索引盘点，尚未逐条改写与内容审核；后续按差异和用途精选，不计为2.5适配内容,,
gallery,331,西安手绘水彩城市地图,Architecture & Spaces,b477278bb2a36d4c59655eb0daa4ce48e8dbc4c4,https://github.com/wangge-dev/awesome-gpt-image-2/blob/b477278bb2a36d4c59655eb0daa4ce48e8dbc4c4/docs/gallery-part-2.md#case-331,苍何原创实测（公众号文章《我逆向了 329 条 GPT-Image2 提示词模板，全部开源！》）,,后续精选,,已做索引盘点，尚未逐条改写与内容审核；后续按差异和用途精选，不计为2.5适配内容,,
gallery,330,月下美女直播画面,UI & Interfaces,b477278bb2a36d4c59655eb0daa4ce48e8dbc4c4,https://github.com/wangge-dev/awesome-gpt-image-2/blob/b477278bb2a36d4c59655eb0daa4ce48e8dbc4c4/docs/gallery-part-2.md#case-330,苍何原创实测（公众号文章《我逆向了 329 条 GPT-Image2 提示词模板，全部开源！》）,,后续精选,,已做索引盘点，尚未逐条改写与内容审核；后续按差异和用途精选，不计为2.5适配内容,,
gallery,329,烬甲猎鹰者与燃翼神禽,Scenes & Storytelling,b477278bb2a36d4c59655eb0daa4ce48e8dbc4c4,https://github.com/wangge-dev/awesome-gpt-image-2/blob/b477278bb2a36d4c59655eb0daa4ce48e8dbc4c4/docs/gallery-part-2.md#case-329,@iamsofiaijaz,https://x.com/iamsofiaijaz/status/2008896649901535342,后续精选,,已做索引盘点，尚未逐条改写与内容审核；后续按差异和用途精选，不计为2.5适配内容,,
gallery,328,俯拍巨女城景自拍,Architecture & Spaces,b477278bb2a36d4c59655eb0daa4ce48e8dbc4c4,https://github.com/wangge-dev/awesome-gpt-image-2/blob/b477278bb2a36d4c59655eb0daa4ce48e8dbc4c4/docs/gallery-part-2.md#case-328,@saniaspeaks_,https://x.com/saniaspeaks_/status/2009834337043394622,后续精选,,已做索引盘点，尚未逐条改写与内容审核；后续按差异和用途精选，不计为2.5适配内容,,
gallery,327,沉香玫瑰悬浮幻景,Products & E-commerce,b477278bb2a36d4c59655eb0daa4ce48e8dbc4c4,https://github.com/wangge-dev/awesome-gpt-image-2/blob/b477278bb2a36d4c59655eb0daa4ce48e8dbc4c4/docs/gallery-part-2.md#case-327,@meng_dagg695,https://x.com/meng_dagg695/status/2011334627290726746,后续精选,,已做索引盘点，尚未逐条改写与内容审核；后续按差异和用途精选，不计为2.5适配内容,,
gallery,326,红蓝撞色高跟诱惑,Characters & People,b477278bb2a36d4c59655eb0daa4ce48e8dbc4c4,https://github.com/wangge-dev/awesome-gpt-image-2/blob/b477278bb2a36d4c59655eb0daa4ce48e8dbc4c4/docs/gallery-part-2.md#case-326,@meng_dagg695,https://x.com/meng_dagg695/status/2012437899955097836,后续精选,,已做索引盘点，尚未逐条改写与内容审核；后续按差异和用途精选，不计为2.5适配内容,,
gallery,325,皮克斯风阳光少年,Characters & People,b477278bb2a36d4c59655eb0daa4ce48e8dbc4c4,https://github.com/wangge-dev/awesome-gpt-image-2/blob/b477278bb2a36d4c59655eb0daa4ce48e8dbc4c4/docs/gallery-part-2.md#case-325,@iamsofiaijaz,https://x.com/iamsofiaijaz/status/2013473309485343120,后续精选,,已做索引盘点，尚未逐条改写与内容审核；后续按差异和用途精选，不计为2.5适配内容,,
gallery,324,复古巴士上的红风衣女郎,Scenes & Storytelling,b477278bb2a36d4c59655eb0daa4ce48e8dbc4c4,https://github.com/wangge-dev/awesome-gpt-image-2/blob/b477278bb2a36d4c59655eb0daa4ce48e8dbc4c4/docs/gallery-part-2.md#case-324,@iamsofiaijaz,https://x.com/iamsofiaijaz/status/2015337737860403283,后续精选,,已做索引盘点，尚未逐条改写与内容审核；后续按差异和用途精选，不计为2.5适配内容,,
gallery,323,应用界面样机图,Other Use Cases,b477278bb2a36d4c59655eb0daa4ce48e8dbc4c4,https://github.com/wangge-dev/awesome-gpt-image-2/blob/b477278bb2a36d4c59655eb0daa4ce48e8dbc4c4/docs/gallery-part-2.md#case-323,@Mystveil7,https://x.com/Mystveil7/status/2015776042989039997,后续精选,,已做索引盘点，尚未逐条改写与内容审核；后续按差异和用途精选，不计为2.5适配内容,,
gallery,322,街头炫瓶男模,Photography & Realism,b477278bb2a36d4c59655eb0daa4ce48e8dbc4c4,https://github.com/wangge-dev/awesome-gpt-image-2/blob/b477278bb2a36d4c59655eb0daa4ce48e8dbc4c4/docs/gallery-part-2.md#case-322,@ecommartinez,https://x.com/ecommartinez/status/2017311074551533921,后续精选,,已做索引盘点，尚未逐条改写与内容审核；后续按差异和用途精选，不计为2.5适配内容,,
gallery,321,都市落日时尚大片,Photography & Realism,b477278bb2a36d4c59655eb0daa4ce48e8dbc4c4,https://github.com/wangge-dev/awesome-gpt-image-2/blob/b477278bb2a36d4c59655eb0daa4ce48e8dbc4c4/docs/gallery-part-2.md#case-321,OpenNana,https://opennana.com/awesome-prompt-gallery/urban-sunset-fashion-silhouette,后续精选,,已做索引盘点，尚未逐条改写与内容审核；后续按差异和用途精选，不计为2.5适配内容,,
gallery,320,冰火双雄背靠背史诗电影海报,Posters & Typography,b477278bb2a36d4c59655eb0daa4ce48e8dbc4c4,https://github.com/wangge-dev/awesome-gpt-image-2/blob/b477278bb2a36d4c59655eb0daa4ce48e8dbc4c4/docs/gallery-part-2.md#case-320,@Naiknelofar788,https://x.com/Naiknelofar788/status/2025972876554510482,后续精选,,已做索引盘点，尚未逐条改写与内容审核；后续按差异和用途精选，不计为2.5适配内容,,
gallery,319,鸟群织就的梦幻高定时装秀,Scenes & Storytelling,b477278bb2a36d4c59655eb0daa4ce48e8dbc4c4,https://github.com/wangge-dev/awesome-gpt-image-2/blob/b477278bb2a36d4c59655eb0daa4ce48e8dbc4c4/docs/gallery-part-2.md#case-319,@MrDasOnX,https://x.com/MrDasOnX/status/2026284342549340190,后续精选,,已做索引盘点，尚未逐条改写与内容审核；后续按差异和用途精选，不计为2.5适配内容,,
gallery,318,珊瑚色极简影棚时尚商业大片,Products & E-commerce,b477278bb2a36d4c59655eb0daa4ce48e8dbc4c4,https://github.com/wangge-dev/awesome-gpt-image-2/blob/b477278bb2a36d4c59655eb0daa4ce48e8dbc4c4/docs/gallery-part-2.md#case-318,@Maercihh,https://x.com/Maercihh/status/2026941078885310750,后续精选,,已做索引盘点，尚未逐条改写与内容审核；后续按差异和用途精选，不计为2.5适配内容,,
gallery,317,震撼视觉的深红影棚广角美妆大片,Products & E-commerce,b477278bb2a36d4c59655eb0daa4ce48e8dbc4c4,https://github.com/wangge-dev/awesome-gpt-image-2/blob/b477278bb2a36d4c59655eb0daa4ce48e8dbc4c4/docs/gallery-part-2.md#case-317,@Maercihh,https://x.com/Maercihh/status/2026941078885310750,后续精选,,已做索引盘点，尚未逐条改写与内容审核；后续按差异和用途精选，不计为2.5适配内容,,
gallery,316,冲破次元壁的写实漫画跑者,Illustration & Art,b477278bb2a36d4c59655eb0daa4ce48e8dbc4c4,https://github.com/wangge-dev/awesome-gpt-image-2/blob/b477278bb2a36d4c59655eb0daa4ce48e8dbc4c4/docs/gallery-part-2.md#case-316,@Fujimoto_hina,https://x.com/Fujimoto_hina/status/2027748030825500722,后续精选,,已做索引盘点，尚未逐条改写与内容审核；后续按差异和用途精选，不计为2.5适配内容,,
gallery,315,棘龙巨口中的酷飒少女与史前奇观,Scenes & Storytelling,b477278bb2a36d4c59655eb0daa4ce48e8dbc4c4,https://github.com/wangge-dev/awesome-gpt-image-2/blob/b477278bb2a36d4c59655eb0daa4ce48e8dbc4c4/docs/gallery-part-2.md#case-315,@MrDasOnX,https://x.com/MrDasOnX/status/2028087254757867560,后续精选,,已做索引盘点，尚未逐条改写与内容审核；后续按差异和用途精选，不计为2.5适配内容,,
gallery,314,红蓝光影下的未来都市双重曝光青年,Posters & Typography,b477278bb2a36d4c59655eb0daa4ce48e8dbc4c4,https://github.com/wangge-dev/awesome-gpt-image-2/blob/b477278bb2a36d4c59655eb0daa4ce48e8dbc4c4/docs/gallery-part-2.md#case-314,@Fujimoto_hina,https://x.com/Fujimoto_hina/status/2028045894088630679,后续精选,,已做索引盘点，尚未逐条改写与内容审核；后续按差异和用途精选，不计为2.5适配内容,,
gallery,313,电商商品展示设计,Products & E-commerce,b477278bb2a36d4c59655eb0daa4ce48e8dbc4c4,https://github.com/wangge-dev/awesome-gpt-image-2/blob/b477278bb2a36d4c59655eb0daa4ce48e8dbc4c4/docs/gallery-part-2.md#case-313,@Fujimoto_hina,https://x.com/Fujimoto_hina/status/2027903683154088431,后续精选,,已做索引盘点，尚未逐条改写与内容审核；后续按差异和用途精选，不计为2.5适配内容,,
gallery,312,鲜艳霓虹光影下的动感苏打水飞溅商业海报,Posters & Typography,b477278bb2a36d4c59655eb0daa4ce48e8dbc4c4,https://github.com/wangge-dev/awesome-gpt-image-2/blob/b477278bb2a36d4c59655eb0daa4ce48e8dbc4c4/docs/gallery-part-2.md#case-312,@Fujimoto_hina,https://x.com/Fujimoto_hina/status/2028388808320819277,后续精选,,已做索引盘点，尚未逐条改写与内容审核；后续按差异和用途精选，不计为2.5适配内容,,
gallery,311,晨曦薰衣草田梦幻少女三联画,Photography & Realism,b477278bb2a36d4c59655eb0daa4ce48e8dbc4c4,https://github.com/wangge-dev/awesome-gpt-image-2/blob/b477278bb2a36d4c59655eb0daa4ce48e8dbc4c4/docs/gallery-part-2.md#case-311,@Naiknelofar788,https://x.com/Naiknelofar788/status/2028417667846341062,后续精选,,已做索引盘点，尚未逐条改写与内容审核；后续按差异和用途精选，不计为2.5适配内容,,
gallery,310,零食品牌技术分解图,Brand & Logos,b477278bb2a36d4c59655eb0daa4ce48e8dbc4c4,https://github.com/wangge-dev/awesome-gpt-image-2/blob/b477278bb2a36d4c59655eb0daa4ce48e8dbc4c4/docs/gallery-part-2.md#case-310,@TechieBySA,https://x.com/TechieBySA/status/2031795709243019280,后续精选,,已做索引盘点，尚未逐条改写与内容审核；后续按差异和用途精选，不计为2.5适配内容,,
gallery,309,创意树叶拼贴构成的角色画像,Other Use Cases,b477278bb2a36d4c59655eb0daa4ce48e8dbc4c4,https://github.com/wangge-dev/awesome-gpt-image-2/blob/b477278bb2a36d4c59655eb0daa4ce48e8dbc4c4/docs/gallery-part-2.md#case-309,@meng_dagg695,https://x.com/meng_dagg695/status/2032019839070716170,后续精选,,已做索引盘点，尚未逐条改写与内容审核；后续按差异和用途精选，不计为2.5适配内容,,
gallery,308,抖音直播截图画面,UI & Interfaces,b477278bb2a36d4c59655eb0daa4ce48e8dbc4c4,https://github.com/wangge-dev/awesome-gpt-image-2/blob/b477278bb2a36d4c59655eb0daa4ce48e8dbc4c4/docs/gallery-part-2.md#case-308,@_FORAB,https://x.com/_FORAB/status/2044744023261519920,后续精选,,已做索引盘点，尚未逐条改写与内容审核；后续按差异和用途精选，不计为2.5适配内容,,
gallery,307,红绸舞动千年商都广州,Posters & Typography,b477278bb2a36d4c59655eb0daa4ce48e8dbc4c4,https://github.com/wangge-dev/awesome-gpt-image-2/blob/b477278bb2a36d4c59655eb0daa4ce48e8dbc4c4/docs/gallery-part-2.md#case-307,@liyue_ai,https://x.com/liyue_ai/status/2045332620352119274,后续精选,,已做索引盘点，尚未逐条改写与内容审核；后续按差异和用途精选，不计为2.5适配内容,,
gallery,306,官方角色设定资料卡,Characters & People,b477278bb2a36d4c59655eb0daa4ce48e8dbc4c4,https://github.com/wangge-dev/awesome-gpt-image-2/blob/b477278bb2a36d4c59655eb0daa4ce48e8dbc4c4/docs/gallery-part-2.md#case-306,@MANISH1027512,https://x.com/MANISH1027512/status/2045013913901867334,后续精选,,已做索引盘点，尚未逐条改写与内容审核；后续按差异和用途精选，不计为2.5适配内容,,
gallery,305,深夜便利店里的性感霓虹少女,Photography & Realism,b477278bb2a36d4c59655eb0daa4ce48e8dbc4c4,https://github.com/wangge-dev/awesome-gpt-image-2/blob/b477278bb2a36d4c59655eb0daa4ce48e8dbc4c4/docs/gallery-part-2.md#case-305,@BubbleBrain,https://x.com/BubbleBrain/status/2045167461147042202,后续精选,,已做索引盘点，尚未逐条改写与内容审核；后续按差异和用途精选，不计为2.5适配内容,,
gallery,304,荧光蓝穷奇新中式山水画,Posters & Typography,b477278bb2a36d4c59655eb0daa4ce48e8dbc4c4,https://github.com/wangge-dev/awesome-gpt-image-2/blob/b477278bb2a36d4c59655eb0daa4ce48e8dbc4c4/docs/gallery-part-2.md#case-304,@liyue_ai,https://x.com/liyue_ai/status/2045506567735558336,后续精选,,已做索引盘点，尚未逐条改写与内容审核；后续按差异和用途精选，不计为2.5适配内容,,
gallery,303,人教版三年级语文课本内页,Documents & Publishing,b477278bb2a36d4c59655eb0daa4ce48e8dbc4c4,https://github.com/wangge-dev/awesome-gpt-image-2/blob/b477278bb2a36d4c59655eb0daa4ce48e8dbc4c4/docs/gallery-part-2.md#case-303,@MrLarus,https://x.com/MrLarus/status/2044824800909054181,后续精选,,已做索引盘点，尚未逐条改写与内容审核；后续按差异和用途精选，不计为2.5适配内容,,
gallery,302,九位大师的机械键盘设计图鉴,Other Use Cases,b477278bb2a36d4c59655eb0daa4ce48e8dbc4c4,https://github.com/wangge-dev/awesome-gpt-image-2/blob/b477278bb2a36d4c59655eb0daa4ce48e8dbc4c4/docs/gallery-part-2.md#case-302,@TanShilong,https://x.com/TanShilong/status/2045148649869692982,后续精选,,已做索引盘点，尚未逐条改写与内容审核；后续按差异和用途精选，不计为2.5适配内容,,
gallery,301,终结者机器人淘宝详情页,Products & E-commerce,b477278bb2a36d4c59655eb0daa4ce48e8dbc4c4,https://github.com/wangge-dev/awesome-gpt-image-2/blob/b477278bb2a36d4c59655eb0daa4ce48e8dbc4c4/docs/gallery-part-2.md#case-301,@rionaifantasy,https://x.com/rionaifantasy/status/2045356799751303194,后续精选,,已做索引盘点，尚未逐条改写与内容审核；后续按差异和用途精选，不计为2.5适配内容,,
gallery,300,黑板上的出师表全文,Photography & Realism,b477278bb2a36d4c59655eb0daa4ce48e8dbc4c4,https://github.com/wangge-dev/awesome-gpt-image-2/blob/b477278bb2a36d4c59655eb0daa4ce48e8dbc4c4/docs/gallery-part-2.md#case-300,@rionaifantasy,https://x.com/rionaifantasy/status/2045356799751303194,后续精选,,已做索引盘点，尚未逐条改写与内容审核；后续按差异和用途精选，不计为2.5适配内容,,
gallery,299,极简留白涂鸦手绘草图,Illustration & Art,b477278bb2a36d4c59655eb0daa4ce48e8dbc4c4,https://github.com/wangge-dev/awesome-gpt-image-2/blob/b477278bb2a36d4c59655eb0daa4ce48e8dbc4c4/docs/gallery-part-2.md#case-299,@VoxcatAI,https://x.com/VoxcatAI/status/2045131503001342302,后续精选,,已做索引盘点，尚未逐条改写与内容审核；后续按差异和用途精选，不计为2.5适配内容,,
gallery,298,梦幻波士顿春季城市海报,Posters & Typography,b477278bb2a36d4c59655eb0daa4ce48e8dbc4c4,https://github.com/wangge-dev/awesome-gpt-image-2/blob/b477278bb2a36d4c59655eb0daa4ce48e8dbc4c4/docs/gallery-part-2.md#case-298,@BubbleBrain,https://x.com/BubbleBrain/status/2045358053831172358,后续精选,,已做索引盘点，尚未逐条改写与内容审核；后续按差异和用途精选，不计为2.5适配内容,,
gallery,297,手写食谱变身杂志级跨页,Other Use Cases,b477278bb2a36d4c59655eb0daa4ce48e8dbc4c4,https://github.com/wangge-dev/awesome-gpt-image-2/blob/b477278bb2a36d4c59655eb0daa4ce48e8dbc4c4/docs/gallery-part-2.md#case-297,@maxescu,https://x.com/maxescu/status/2045203839910056014,后续精选,,已做索引盘点，尚未逐条改写与内容审核；后续按差异和用途精选，不计为2.5适配内容,,
gallery,296,博物馆级中文拆解信息图鉴,Charts & Infographics,b477278bb2a36d4c59655eb0daa4ce48e8dbc4c4,https://github.com/wangge-dev/awesome-gpt-image-2/blob/b477278bb2a36d4c59655eb0daa4ce48e8dbc4c4/docs/gallery-part-2.md#case-296,@MrLarus,https://x.com/MrLarus/status/2045504669401653414,后续精选,,已做索引盘点，尚未逐条改写与内容审核；后续按差异和用途精选，不计为2.5适配内容,,
gallery,295,复古传统老黄历二零二六年四月十八,Other Use Cases,b477278bb2a36d4c59655eb0daa4ce48e8dbc4c4,https://github.com/wangge-dev/awesome-gpt-image-2/blob/b477278bb2a36d4c59655eb0daa4ce48e8dbc4c4/docs/gallery-part-2.md#case-295,@MrLarus,https://x.com/MrLarus/status/2044824800909054181,后续精选,,已做索引盘点，尚未逐条改写与内容审核；后续按差异和用途精选，不计为2.5适配内容,,
gallery,294,精美潮汕菜馆菜单图,Brand & Logos,b477278bb2a36d4c59655eb0daa4ce48e8dbc4c4,https://github.com/wangge-dev/awesome-gpt-image-2/blob/b477278bb2a36d4c59655eb0daa4ce48e8dbc4c4/docs/gallery-part-2.md#case-294,@MrLarus,https://x.com/MrLarus/status/2044824800909054181,后续精选,,已做索引盘点，尚未逐条改写与内容审核；后续按差异和用途精选，不计为2.5适配内容,,
gallery,293,聚焦人工智能的校园日报,Documents & Publishing,b477278bb2a36d4c59655eb0daa4ce48e8dbc4c4,https://github.com/wangge-dev/awesome-gpt-image-2/blob/b477278bb2a36d4c59655eb0daa4ce48e8dbc4c4/docs/gallery-part-2.md#case-293,@MrLarus,https://x.com/MrLarus/status/2044824800909054181,后续精选,,已做索引盘点，尚未逐条改写与内容审核；后续按差异和用途精选，不计为2.5适配内容,,
gallery,292,明朝登基宝玉的推文页面,History & Classical Themes,b477278bb2a36d4c59655eb0daa4ce48e8dbc4c4,https://github.com/wangge-dev/awesome-gpt-image-2/blob/b477278bb2a36d4c59655eb0daa4ce48e8dbc4c4/docs/gallery-part-2.md#case-292,@tuzi_ai,https://x.com/tuzi_ai/status/2045193918736736365,后续精选,,已做索引盘点，尚未逐条改写与内容审核；后续按差异和用途精选，不计为2.5适配内容,,
gallery,291,极致奢华的弹珠店梦幻宣传单,Posters & Typography,b477278bb2a36d4c59655eb0daa4ce48e8dbc4c4,https://github.com/wangge-dev/awesome-gpt-image-2/blob/b477278bb2a36d4c59655eb0daa4ce48e8dbc4c4/docs/gallery-part-2.md#case-291,OpenNana,https://opennana.com/awesome-prompt-gallery/luxurious-pachinko-flyer,后续精选,,已做索引盘点，尚未逐条改写与内容审核；后续按差异和用途精选，不计为2.5适配内容,,
gallery,290,古风诗人镭射典藏卡牌,Other Use Cases,b477278bb2a36d4c59655eb0daa4ce48e8dbc4c4,https://github.com/wangge-dev/awesome-gpt-image-2/blob/b477278bb2a36d4c59655eb0daa4ce48e8dbc4c4/docs/gallery-part-2.md#case-290,@TanShilong,https://x.com/TanShilong/status/2045435090923356415,后续精选,,已做索引盘点，尚未逐条改写与内容审核；后续按差异和用途精选，不计为2.5适配内容,,
gallery,289,直播界面设计图,UI & Interfaces,b477278bb2a36d4c59655eb0daa4ce48e8dbc4c4,https://github.com/wangge-dev/awesome-gpt-image-2/blob/b477278bb2a36d4c59655eb0daa4ce48e8dbc4c4/docs/gallery-part-2.md#case-289,@rionaifantasy,https://x.com/rionaifantasy/status/2045356799751303194,后续精选,,已做索引盘点，尚未逐条改写与内容审核；后续按差异和用途精选，不计为2.5适配内容,,
gallery,288,抖音美女直播间界面设计,UI & Interfaces,b477278bb2a36d4c59655eb0daa4ce48e8dbc4c4,https://github.com/wangge-dev/awesome-gpt-image-2/blob/b477278bb2a36d4c59655eb0daa4ce48e8dbc4c4/docs/gallery-part-2.md#case-288,@msjiaozhu,https://x.com/msjiaozhu/status/2045470160576999812,后续精选,,已做索引盘点，尚未逐条改写与内容审核；后续按差异和用途精选，不计为2.5适配内容,,
gallery,287,不知火舞的小红书主页,UI & Interfaces,b477278bb2a36d4c59655eb0daa4ce48e8dbc4c4,https://github.com/wangge-dev/awesome-gpt-image-2/blob/b477278bb2a36d4c59655eb0daa4ce48e8dbc4c4/docs/gallery-part-2.md#case-287,@rionaifantasy,https://x.com/rionaifantasy/status/2045356799751303194,后续精选,,已做索引盘点，尚未逐条改写与内容审核；后续按差异和用途精选，不计为2.5适配内容,,
gallery,286,珠江新城剪纸璀璨夜景,Other Use Cases,b477278bb2a36d4c59655eb0daa4ce48e8dbc4c4,https://github.com/wangge-dev/awesome-gpt-image-2/blob/b477278bb2a36d4c59655eb0daa4ce48e8dbc4c4/docs/gallery-part-2.md#case-286,@liyue_ai,https://x.com/liyue_ai/status/2045527750606487877,后续精选,,已做索引盘点，尚未逐条改写与内容审核；后续按差异和用途精选，不计为2.5适配内容,,
gallery,285,真实动漫画面快照,UI & Interfaces,b477278bb2a36d4c59655eb0daa4ce48e8dbc4c4,https://github.com/wangge-dev/awesome-gpt-image-2/blob/b477278bb2a36d4c59655eb0daa4ce48e8dbc4c4/docs/gallery-part-2.md#case-285,@Thereallo1026,https://x.com/Thereallo1026/status/2044241997163311569,后续精选,,已做索引盘点，尚未逐条改写与内容审核；后续按差异和用途精选，不计为2.5适配内容,,
gallery,284,温馨卧室里的少女自拍,Photography & Realism,b477278bb2a36d4c59655eb0daa4ce48e8dbc4c4,https://github.com/wangge-dev/awesome-gpt-image-2/blob/b477278bb2a36d4c59655eb0daa4ce48e8dbc4c4/docs/gallery-part-2.md#case-284,@Shinning1010,https://x.com/Shinning1010/status/2045002808903020962,后续精选,,已做索引盘点，尚未逐条改写与内容审核；后续按差异和用途精选，不计为2.5适配内容,,
gallery,283,小恶魔莉莉香超任游戏海报,Posters & Typography,b477278bb2a36d4c59655eb0daa4ce48e8dbc4c4,https://github.com/wangge-dev/awesome-gpt-image-2/blob/b477278bb2a36d4c59655eb0daa4ce48e8dbc4c4/docs/gallery-part-2.md#case-283,@lilimliliychan,https://x.com/lilimliliychan/status/2045114760937804187,后续精选,,已做索引盘点，尚未逐条改写与内容审核；后续按差异和用途精选，不计为2.5适配内容,,
gallery,282,温柔治愈系二次元手机截图,UI & Interfaces,b477278bb2a36d4c59655eb0daa4ce48e8dbc4c4,https://github.com/wangge-dev/awesome-gpt-image-2/blob/b477278bb2a36d4c59655eb0daa4ce48e8dbc4c4/docs/gallery-part-2.md#case-282,@Zoulinshen,https://x.com/Zoulinshen/status/2045082518089810073,后续精选,,已做索引盘点，尚未逐条改写与内容审核；后续按差异和用途精选，不计为2.5适配内容,,
gallery,281,赛博朋克科幻曼荼罗,Illustration & Art,b477278bb2a36d4c59655eb0daa4ce48e8dbc4c4,https://github.com/wangge-dev/awesome-gpt-image-2/blob/b477278bb2a36d4c59655eb0daa4ce48e8dbc4c4/docs/gallery-part-2.md#case-281,@4WEB1,https://x.com/4WEB1/status/2045390207072256179,后续精选,,已做索引盘点，尚未逐条改写与内容审核；后续按差异和用途精选，不计为2.5适配内容,,
gallery,280,封面排版设计图,UI & Interfaces,b477278bb2a36d4c59655eb0daa4ce48e8dbc4c4,https://github.com/wangge-dev/awesome-gpt-image-2/blob/b477278bb2a36d4c59655eb0daa4ce48e8dbc4c4/docs/gallery-part-2.md#case-280,OpenNana,https://opennana.com/awesome-prompt-gallery/graffiti-sketch-ai-builder-master,后续精选,,已做索引盘点，尚未逐条改写与内容审核；后续按差异和用途精选，不计为2.5适配内容,,
gallery,279,裂痕里的水墨东方山水画卷,Posters & Typography,b477278bb2a36d4c59655eb0daa4ce48e8dbc4c4,https://github.com/wangge-dev/awesome-gpt-image-2/blob/b477278bb2a36d4c59655eb0daa4ce48e8dbc4c4/docs/gallery-part-2.md#case-279,@liyue_ai,https://x.com/liyue_ai/status/2045368305079447853,后续精选,,已做索引盘点，尚未逐条改写与内容审核；后续按差异和用途精选，不计为2.5适配内容,,
gallery,278,阿马尔菲海岸复古旅行海报,Posters & Typography,b477278bb2a36d4c59655eb0daa4ce48e8dbc4c4,https://github.com/wangge-dev/awesome-gpt-image-2/blob/b477278bb2a36d4c59655eb0daa4ce48e8dbc4c4/docs/gallery-part-2.md#case-278,@WolfRiccardo,https://x.com/WolfRiccardo/status/2044562722491121718,后续精选,,已做索引盘点，尚未逐条改写与内容审核；后续按差异和用途精选，不计为2.5适配内容,,
gallery,277,奢华魅力黑人女性海滨摄影,Photography & Realism,b477278bb2a36d4c59655eb0daa4ce48e8dbc4c4,https://github.com/wangge-dev/awesome-gpt-image-2/blob/b477278bb2a36d4c59655eb0daa4ce48e8dbc4c4/docs/gallery-part-2.md#case-277,@patrickassale,https://x.com/patrickassale/status/2044581766309060765,后续精选,,已做索引盘点，尚未逐条改写与内容审核；后续按差异和用途精选，不计为2.5适配内容,,
gallery,276,红绸幻化壮阔国潮羊城,Posters & Typography,b477278bb2a36d4c59655eb0daa4ce48e8dbc4c4,https://github.com/wangge-dev/awesome-gpt-image-2/blob/b477278bb2a36d4c59655eb0daa4ce48e8dbc4c4/docs/gallery-part-2.md#case-276,@liyue_ai,https://x.com/liyue_ai/status/2045332620352119274,后续精选,,已做索引盘点，尚未逐条改写与内容审核；后续按差异和用途精选，不计为2.5适配内容,,
gallery,275,一张采用分层蒙太奇构图的电影海报,Posters & Typography,b477278bb2a36d4c59655eb0daa4ce48e8dbc4c4,https://github.com/wangge-dev/awesome-gpt-image-2/blob/b477278bb2a36d4c59655eb0daa4ce48e8dbc4c4/docs/gallery-part-2.md#case-275,@old_pgmrs_will,https://x.com/old_pgmrs_will/status/2045440101359198302,后续精选,,已做索引盘点，尚未逐条改写与内容审核；后续按差异和用途精选，不计为2.5适配内容,,
gallery,274,成都吃货暴走手绘美食地图,Architecture & Spaces,b477278bb2a36d4c59655eb0daa4ce48e8dbc4c4,https://github.com/wangge-dev/awesome-gpt-image-2/blob/b477278bb2a36d4c59655eb0daa4ce48e8dbc4c4/docs/gallery-part-2.md#case-274,@Panda20230902,https://x.com/Panda20230902/status/2045396918965285111,后续精选,,已做索引盘点，尚未逐条改写与内容审核；后续按差异和用途精选，不计为2.5适配内容,,
gallery,273,橙红渐变中的孤独剪影,Photography & Realism,b477278bb2a36d4c59655eb0daa4ce48e8dbc4c4,https://github.com/wangge-dev/awesome-gpt-image-2/blob/b477278bb2a36d4c59655eb0daa4ce48e8dbc4c4/docs/gallery-part-2.md#case-273,@iam_miharbi,https://x.com/iam_miharbi/status/2045151354679665101,后续精选,,已做索引盘点，尚未逐条改写与内容审核；后续按差异和用途精选，不计为2.5适配内容,,
gallery,272,日式温泉旅馆人像,Photography & Realism,b477278bb2a36d4c59655eb0daa4ce48e8dbc4c4,https://github.com/wangge-dev/awesome-gpt-image-2/blob/b477278bb2a36d4c59655eb0daa4ce48e8dbc4c4/docs/gallery-part-2.md#case-272,@BubbleBrain,https://x.com/BubbleBrain/status/2045092449803284923,后续精选,,已做索引盘点，尚未逐条改写与内容审核；后续按差异和用途精选，不计为2.5适配内容,,
gallery,271,人物角色设定图,Characters & People,b477278bb2a36d4c59655eb0daa4ce48e8dbc4c4,https://github.com/wangge-dev/awesome-gpt-image-2/blob/b477278bb2a36d4c59655eb0daa4ce48e8dbc4c4/docs/gallery-part-2.md#case-271,@tsubaki_ew,https://x.com/tsubaki_ew/status/2045259289993048284,后续精选,,已做索引盘点，尚未逐条改写与内容审核；后续按差异和用途精选，不计为2.5适配内容,,
gallery,270,信息图可视化设计,Characters & People,b477278bb2a36d4c59655eb0daa4ce48e8dbc4c4,https://github.com/wangge-dev/awesome-gpt-image-2/blob/b477278bb2a36d4c59655eb0daa4ce48e8dbc4c4/docs/gallery-part-2.md#case-270,\[OpenNana]\(]\(<https://x.com/Toshi_nyaruo_AI/status/2045025277538107420>),,后续精选,,已做索引盘点，尚未逐条改写与内容审核；后续按差异和用途精选，不计为2.5适配内容,,
gallery,269,拒绝盲目催婚的暖心视频号截图,UI & Interfaces,b477278bb2a36d4c59655eb0daa4ce48e8dbc4c4,https://github.com/wangge-dev/awesome-gpt-image-2/blob/b477278bb2a36d4c59655eb0daa4ce48e8dbc4c4/docs/gallery-part-2.md#case-269,@MrLarus,https://x.com/MrLarus/status/2045373105041007013,后续精选,,已做索引盘点，尚未逐条改写与内容审核；后续按差异和用途精选，不计为2.5适配内容,,
gallery,268,威化岛回军前夕李成桂动态,History & Classical Themes,b477278bb2a36d4c59655eb0daa4ce48e8dbc4c4,https://github.com/wangge-dev/awesome-gpt-image-2/blob/b477278bb2a36d4c59655eb0daa4ce48e8dbc4c4/docs/gallery-part-2.md#case-268,@SKA_Neotype,https://x.com/SKA_Neotype/status/2044637900978217334,后续精选,,已做索引盘点，尚未逐条改写与内容审核；后续按差异和用途精选，不计为2.5适配内容,,
gallery,267,宋朝文人的赛博朋友圈,History & Classical Themes,b477278bb2a36d4c59655eb0daa4ce48e8dbc4c4,https://github.com/wangge-dev/awesome-gpt-image-2/blob/b477278bb2a36d4c59655eb0daa4ce48e8dbc4c4/docs/gallery-part-2.md#case-267,@Panda20230902,https://x.com/Panda20230902/status/2045385588065313057,后续精选,,已做索引盘点，尚未逐条改写与内容审核；后续按差异和用途精选，不计为2.5适配内容,,
gallery,266,桌面上的黑色圆珠笔手写笔记,Documents & Publishing,b477278bb2a36d4c59655eb0daa4ce48e8dbc4c4,https://github.com/wangge-dev/awesome-gpt-image-2/blob/b477278bb2a36d4c59655eb0daa4ce48e8dbc4c4/docs/gallery-part-2.md#case-266,@patrickassale,https://x.com/patrickassale/status/2044569086013718958,后续精选,,已做索引盘点，尚未逐条改写与内容审核；后续按差异和用途精选，不计为2.5适配内容,,
gallery,265,日式潮流广告四联画,Products & E-commerce,b477278bb2a36d4c59655eb0daa4ce48e8dbc4c4,https://github.com/wangge-dev/awesome-gpt-image-2/blob/b477278bb2a36d4c59655eb0daa4ce48e8dbc4c4/docs/gallery-part-2.md#case-265,@midori_tatsuta,https://x.com/midori_tatsuta/status/2045253072289767815,后续精选,,已做索引盘点，尚未逐条改写与内容审核；后续按差异和用途精选，不计为2.5适配内容,,
gallery,264,美妆产品广告图,Products & E-commerce,b477278bb2a36d4c59655eb0daa4ce48e8dbc4c4,https://github.com/wangge-dev/awesome-gpt-image-2/blob/b477278bb2a36d4c59655eb0daa4ce48e8dbc4c4/docs/gallery-part-2.md#case-264,@midori_tatsuta,https://x.com/midori_tatsuta/status/2045378877363798279,后续精选,,已做索引盘点，尚未逐条改写与内容审核；后续按差异和用途精选，不计为2.5适配内容,,
gallery,263,唯美二次元角色介绍网页,Characters & People,b477278bb2a36d4c59655eb0daa4ce48e8dbc4c4,https://github.com/wangge-dev/awesome-gpt-image-2/blob/b477278bb2a36d4c59655eb0daa4ce48e8dbc4c4/docs/gallery-part-2.md#case-263,@09lyco,https://x.com/09lyco/status/2045281845391323175,后续精选,,已做索引盘点，尚未逐条改写与内容审核；后续按差异和用途精选，不计为2.5适配内容,,
gallery,262,苹果园远观库克发布新机,Photography & Realism,b477278bb2a36d4c59655eb0daa4ce48e8dbc4c4,https://github.com/wangge-dev/awesome-gpt-image-2/blob/b477278bb2a36d4c59655eb0daa4ce48e8dbc4c4/docs/gallery-part-2.md#case-262,@austinit,https://x.com/patrickassale/status/2044687244368441742,后续精选,,已做索引盘点，尚未逐条改写与内容审核；后续按差异和用途精选，不计为2.5适配内容,,
gallery,261,智能视频生成器暗黑界面设计,UI & Interfaces,b477278bb2a36d4c59655eb0daa4ce48e8dbc4c4,https://github.com/wangge-dev/awesome-gpt-image-2/blob/b477278bb2a36d4c59655eb0daa4ce48e8dbc4c4/docs/gallery-part-2.md#case-261,@austinit,https://x.com/austinit/status/2044968740782272596,后续精选,,已做索引盘点，尚未逐条改写与内容审核；后续按差异和用途精选，不计为2.5适配内容,,
gallery,260,社媒界面截图,UI & Interfaces,b477278bb2a36d4c59655eb0daa4ce48e8dbc4c4,https://github.com/wangge-dev/awesome-gpt-image-2/blob/b477278bb2a36d4c59655eb0daa4ce48e8dbc4c4/docs/gallery-part-2.md#case-260,@MrLarus,https://x.com/MrLarus/status/2045373105041007013,后续精选,,已做索引盘点，尚未逐条改写与内容审核；后续按差异和用途精选，不计为2.5适配内容,,
gallery,259,精致女孩背后的网贷真相,UI & Interfaces,b477278bb2a36d4c59655eb0daa4ce48e8dbc4c4,https://github.com/wangge-dev/awesome-gpt-image-2/blob/b477278bb2a36d4c59655eb0daa4ce48e8dbc4c4/docs/gallery-part-2.md#case-259,@MrLarus,https://x.com/MrLarus/status/2045373105041007013,后续精选,,已做索引盘点，尚未逐条改写与内容审核；后续按差异和用途精选，不计为2.5适配内容,,
gallery,258,快手直播离婚预告手机截图,UI & Interfaces,b477278bb2a36d4c59655eb0daa4ce48e8dbc4c4,https://github.com/wangge-dev/awesome-gpt-image-2/blob/b477278bb2a36d4c59655eb0daa4ce48e8dbc4c4/docs/gallery-part-2.md#case-258,@MrLarus,https://x.com/MrLarus/status/2045373105041007013,后续精选,,已做索引盘点，尚未逐条改写与内容审核；后续按差异和用途精选，不计为2.5适配内容,,
gallery,257,抖音汉服美女直播带货截图,UI & Interfaces,b477278bb2a36d4c59655eb0daa4ce48e8dbc4c4,https://github.com/wangge-dev/awesome-gpt-image-2/blob/b477278bb2a36d4c59655eb0daa4ce48e8dbc4c4/docs/gallery-part-2.md#case-257,@joshesye,https://x.com/joshesye/status/2044796366950703316,后续精选,,已做索引盘点，尚未逐条改写与内容审核；后续按差异和用途精选，不计为2.5适配内容,,
gallery,256,抖音直播间的绝美女主播,UI & Interfaces,b477278bb2a36d4c59655eb0daa4ce48e8dbc4c4,https://github.com/wangge-dev/awesome-gpt-image-2/blob/b477278bb2a36d4c59655eb0daa4ce48e8dbc4c4/docs/gallery-part-2.md#case-256,@joshesye,https://x.com/joshesye/status/2044796366950703316,后续精选,,已做索引盘点，尚未逐条改写与内容审核；后续按差异和用途精选，不计为2.5适配内容,,
gallery,255,瑜伽裤女主播展示身材曲线,UI & Interfaces,b477278bb2a36d4c59655eb0daa4ce48e8dbc4c4,https://github.com/wangge-dev/awesome-gpt-image-2/blob/b477278bb2a36d4c59655eb0daa4ce48e8dbc4c4/docs/gallery-part-2.md#case-255,@joshesye,https://x.com/joshesye/status/2044796366950703316,后续精选,,已做索引盘点，尚未逐条改写与内容审核；后续按差异和用途精选，不计为2.5适配内容,,
gallery,254,奔赴山海胶片感海报,Posters & Typography,b477278bb2a36d4c59655eb0daa4ce48e8dbc4c4,https://github.com/wangge-dev/awesome-gpt-image-2/blob/b477278bb2a36d4c59655eb0daa4ce48e8dbc4c4/docs/gallery-part-2.md#case-254,@akokoi1,https://x.com/akokoi1/status/2045693939584516441,后续精选,,已做索引盘点，尚未逐条改写与内容审核；后续按差异和用途精选，不计为2.5适配内容,,
gallery,253,2026谷雨节气唯美海报设计,Posters & Typography,b477278bb2a36d4c59655eb0daa4ce48e8dbc4c4,https://github.com/wangge-dev/awesome-gpt-image-2/blob/b477278bb2a36d4c59655eb0daa4ce48e8dbc4c4/docs/gallery-part-2.md#case-253,@akokoi1,https://x.com/akokoi1/status/2045693939584516441,后续精选,,已做索引盘点，尚未逐条改写与内容审核；后续按差异和用途精选，不计为2.5适配内容,,
gallery,252,五一劳动节手举牌创意设计集,Other Use Cases,b477278bb2a36d4c59655eb0daa4ce48e8dbc4c4,https://github.com/wangge-dev/awesome-gpt-image-2/blob/b477278bb2a36d4c59655eb0daa4ce48e8dbc4c4/docs/gallery-part-2.md#case-252,@akokoi1,https://x.com/akokoi1/status/2045693939584516441,后续精选,,已做索引盘点，尚未逐条改写与内容审核；后续按差异和用途精选，不计为2.5适配内容,,
gallery,251,言叶之庭春雨绿意单日历,Other Use Cases,b477278bb2a36d4c59655eb0daa4ce48e8dbc4c4,https://github.com/wangge-dev/awesome-gpt-image-2/blob/b477278bb2a36d4c59655eb0daa4ce48e8dbc4c4/docs/gallery-part-2.md#case-251,@akokoi1,https://x.com/akokoi1/status/2045693939584516441,后续精选,,已做索引盘点，尚未逐条改写与内容审核；后续按差异和用途精选，不计为2.5适配内容,,
gallery,250,小王子与星舰的浪漫联名,Other Use Cases,b477278bb2a36d4c59655eb0daa4ce48e8dbc4c4,https://github.com/wangge-dev/awesome-gpt-image-2/blob/b477278bb2a36d4c59655eb0daa4ce48e8dbc4c4/docs/gallery-part-2.md#case-250,@akokoi1,https://x.com/akokoi1/status/2045693939584516441,后续精选,,已做索引盘点，尚未逐条改写与内容审核；后续按差异和用途精选，不计为2.5适配内容,,
gallery,249,美女举牌感谢大哥打赏大火箭,UI & Interfaces,b477278bb2a36d4c59655eb0daa4ce48e8dbc4c4,https://github.com/wangge-dev/awesome-gpt-image-2/blob/b477278bb2a36d4c59655eb0daa4ce48e8dbc4c4/docs/gallery-part-2.md#case-249,@joshesye,https://x.com/joshesye/status/2044796366950703316,后续精选,,已做索引盘点，尚未逐条改写与内容审核；后续按差异和用途精选，不计为2.5适配内容,,
gallery,248,景德镇青花瓷全景解说图谱,Charts & Infographics,b477278bb2a36d4c59655eb0daa4ce48e8dbc4c4,https://github.com/wangge-dev/awesome-gpt-image-2/blob/b477278bb2a36d4c59655eb0daa4ce48e8dbc4c4/docs/gallery-part-2.md#case-248,@joshesye,https://x.com/joshesye/status/2045764695827562686,后续精选,,已做索引盘点，尚未逐条改写与内容审核；后续按差异和用途精选，不计为2.5适配内容,,
gallery,247,运动健身图标字体设计,Brand & Logos,b477278bb2a36d4c59655eb0daa4ce48e8dbc4c4,https://github.com/wangge-dev/awesome-gpt-image-2/blob/b477278bb2a36d4c59655eb0daa4ce48e8dbc4c4/docs/gallery-part-2.md#case-247,@akokoi1,https://x.com/akokoi1/status/2045693939584516441,后续精选,,已做索引盘点，尚未逐条改写与内容审核；后续按差异和用途精选，不计为2.5适配内容,,
gallery,246,黑白线稿勾勒的上海风情,Illustration & Art,b477278bb2a36d4c59655eb0daa4ce48e8dbc4c4,https://github.com/wangge-dev/awesome-gpt-image-2/blob/b477278bb2a36d4c59655eb0daa4ce48e8dbc4c4/docs/gallery-part-2.md#case-246,@akokoi1,https://x.com/akokoi1/status/2045693939584516441,后续精选,,已做索引盘点，尚未逐条改写与内容审核；后续按差异和用途精选，不计为2.5适配内容,,
gallery,245,马斯克专属篆刻印章设计,Other Use Cases,b477278bb2a36d4c59655eb0daa4ce48e8dbc4c4,https://github.com/wangge-dev/awesome-gpt-image-2/blob/b477278bb2a36d4c59655eb0daa4ce48e8dbc4c4/docs/gallery-part-2.md#case-245,@akokoi1,https://x.com/akokoi1/status/2045693939584516441,后续精选,,已做索引盘点，尚未逐条改写与内容审核；后续按差异和用途精选，不计为2.5适配内容,,
gallery,244,杜蕾斯茶颜悦色联名海报设计,Brand & Logos,b477278bb2a36d4c59655eb0daa4ce48e8dbc4c4,https://github.com/wangge-dev/awesome-gpt-image-2/blob/b477278bb2a36d4c59655eb0daa4ce48e8dbc4c4/docs/gallery-part-2.md#case-244,@akokoi1,https://x.com/akokoi1/status/2045693939584516441,后续精选,,已做索引盘点，尚未逐条改写与内容审核；后续按差异和用途精选，不计为2.5适配内容,,
gallery,243,定制专属风格界面设计系统,UI & Interfaces,b477278bb2a36d4c59655eb0daa4ce48e8dbc4c4,https://github.com/wangge-dev/awesome-gpt-image-2/blob/b477278bb2a36d4c59655eb0daa4ce48e8dbc4c4/docs/gallery-part-2.md#case-243,@stark_nico99,https://x.com/stark_nico99/status/2045836554451706125,后续精选,,已做索引盘点，尚未逐条改写与内容审核；后续按差异和用途精选，不计为2.5适配内容,,
gallery,242,绝美国风工笔画书签设计,Other Use Cases,b477278bb2a36d4c59655eb0daa4ce48e8dbc4c4,https://github.com/wangge-dev/awesome-gpt-image-2/blob/b477278bb2a36d4c59655eb0daa4ce48e8dbc4c4/docs/gallery-part-2.md#case-242,@akokoi1,https://x.com/akokoi1/status/2045693939584516441,后续精选,,已做索引盘点，尚未逐条改写与内容审核；后续按差异和用途精选，不计为2.5适配内容,,
gallery,241,关键人物关系图谱,Other Use Cases,b477278bb2a36d4c59655eb0daa4ce48e8dbc4c4,https://github.com/wangge-dev/awesome-gpt-image-2/blob/b477278bb2a36d4c59655eb0daa4ce48e8dbc4c4/docs/gallery-part-2.md#case-241,@yihui_indie,https://x.com/yihui_indie/status/2045179926270361890,后续精选,,已做索引盘点，尚未逐条改写与内容审核；后续按差异和用途精选，不计为2.5适配内容,,
gallery,240,胶片闪光灯下的球场少女,Photography & Realism,b477278bb2a36d4c59655eb0daa4ce48e8dbc4c4,https://github.com/wangge-dev/awesome-gpt-image-2/blob/b477278bb2a36d4c59655eb0daa4ce48e8dbc4c4/docs/gallery-part-2.md#case-240,@BubbleBrain,https://x.com/BubbleBrain/status/2045052982728016131,后续精选,,已做索引盘点，尚未逐条改写与内容审核；后续按差异和用途精选，不计为2.5适配内容,,
gallery,239,刘亦菲抖音直播畅聊中,UI & Interfaces,b477278bb2a36d4c59655eb0daa4ce48e8dbc4c4,https://github.com/wangge-dev/awesome-gpt-image-2/blob/b477278bb2a36d4c59655eb0daa4ce48e8dbc4c4/docs/gallery-part-2.md#case-239,@alanblogsooo,https://x.com/alanblogsooo/status/2044784762594918516,后续精选,,已做索引盘点，尚未逐条改写与内容审核；后续按差异和用途精选，不计为2.5适配内容,,
gallery,238,星云巨鲤与小人的奇幻对话,Scenes & Storytelling,b477278bb2a36d4c59655eb0daa4ce48e8dbc4c4,https://github.com/wangge-dev/awesome-gpt-image-2/blob/b477278bb2a36d4c59655eb0daa4ce48e8dbc4c4/docs/gallery-part-2.md#case-238,@liyue_ai,https://x.com/liyue_ai/status/2045875219307655337,后续精选,,已做索引盘点，尚未逐条改写与内容审核；后续按差异和用途精选，不计为2.5适配内容,,
gallery,237,夏日柑橘苏打高转化广告图,Products & E-commerce,b477278bb2a36d4c59655eb0daa4ce48e8dbc4c4,https://github.com/wangge-dev/awesome-gpt-image-2/blob/b477278bb2a36d4c59655eb0daa4ce48e8dbc4c4/docs/gallery-part-2.md#case-237,@old_pgmrs_will,https://x.com/old_pgmrs_will/status/2045852114673635507,后续精选,,已做索引盘点，尚未逐条改写与内容审核；后续按差异和用途精选，不计为2.5适配内容,,
gallery,236,粤超联赛国潮风邀请函海报,Posters & Typography,b477278bb2a36d4c59655eb0daa4ce48e8dbc4c4,https://github.com/wangge-dev/awesome-gpt-image-2/blob/b477278bb2a36d4c59655eb0daa4ce48e8dbc4c4/docs/gallery-part-2.md#case-236,@liyue_ai,https://x.com/liyue_ai/status/2045772039521542202,后续精选,,已做索引盘点，尚未逐条改写与内容审核；后续按差异和用途精选，不计为2.5适配内容,,
gallery,235,治愈系助眠指南九宫格,Posters & Typography,b477278bb2a36d4c59655eb0daa4ce48e8dbc4c4,https://github.com/wangge-dev/awesome-gpt-image-2/blob/b477278bb2a36d4c59655eb0daa4ce48e8dbc4c4/docs/gallery-part-2.md#case-235,@austinit,https://x.com/austinit/status/2046037688969769346,后续精选,,已做索引盘点，尚未逐条改写与内容审核；后续按差异和用途精选，不计为2.5适配内容,,
gallery,234,朱元璋登基后的推特主页,History & Classical Themes,b477278bb2a36d4c59655eb0daa4ce48e8dbc4c4,https://github.com/wangge-dev/awesome-gpt-image-2/blob/b477278bb2a36d4c59655eb0daa4ce48e8dbc4c4/docs/gallery-part-2.md#case-234,@liyue_ai,https://x.com/liyue_ai/status/2045021302315249738,后续精选,,已做索引盘点，尚未逐条改写与内容审核；后续按差异和用途精选，不计为2.5适配内容,,
gallery,233,蒙娜丽莎畅饮可乐的趣味油画,Illustration & Art,b477278bb2a36d4c59655eb0daa4ce48e8dbc4c4,https://github.com/wangge-dev/awesome-gpt-image-2/blob/b477278bb2a36d4c59655eb0daa4ce48e8dbc4c4/docs/gallery-part-2.md#case-233,@liyue_ai,https://x.com/liyue_ai/status/2045058142858555733,后续精选,,已做索引盘点，尚未逐条改写与内容审核；后续按差异和用途精选，不计为2.5适配内容,,
gallery,232,兰亭集序书法帖意境图,Documents & Publishing,b477278bb2a36d4c59655eb0daa4ce48e8dbc4c4,https://github.com/wangge-dev/awesome-gpt-image-2/blob/b477278bb2a36d4c59655eb0daa4ce48e8dbc4c4/docs/gallery-part-2.md#case-232,@liyue_ai,https://x.com/liyue_ai/status/2045137549149286858,后续精选,,已做索引盘点，尚未逐条改写与内容审核；后续按差异和用途精选，不计为2.5适配内容,,
gallery,231,疾风起狂草艺术字体设计,Illustration & Art,b477278bb2a36d4c59655eb0daa4ce48e8dbc4c4,https://github.com/wangge-dev/awesome-gpt-image-2/blob/b477278bb2a36d4c59655eb0daa4ce48e8dbc4c4/docs/gallery-part-2.md#case-231,OpenNana,https://opennana.com/awesome-prompt-gallery/rising-wind-calligraphy-art,后续精选,,已做索引盘点，尚未逐条改写与内容审核；后续按差异和用途精选，不计为2.5适配内容,,
gallery,230,极简国潮鎏金广州塔海报,Posters & Typography,b477278bb2a36d4c59655eb0daa4ce48e8dbc4c4,https://github.com/wangge-dev/awesome-gpt-image-2/blob/b477278bb2a36d4c59655eb0daa4ce48e8dbc4c4/docs/gallery-part-2.md#case-230,@liyue_ai,https://x.com/liyue_ai/status/2045744531686166878,后续精选,,已做索引盘点，尚未逐条改写与内容审核；后续按差异和用途精选，不计为2.5适配内容,,
gallery,229,琉璃透明画眉鸟飞舞羊城墨卷,Posters & Typography,b477278bb2a36d4c59655eb0daa4ce48e8dbc4c4,https://github.com/wangge-dev/awesome-gpt-image-2/blob/b477278bb2a36d4c59655eb0daa4ce48e8dbc4c4/docs/gallery-part-2.md#case-229,@liyue_ai,https://x.com/liyue_ai/status/2045873940883808523,后续精选,,已做索引盘点，尚未逐条改写与内容审核；后续按差异和用途精选，不计为2.5适配内容,,
gallery,228,完美匹配的海报广告图,Posters & Typography,b477278bb2a36d4c59655eb0daa4ce48e8dbc4c4,https://github.com/wangge-dev/awesome-gpt-image-2/blob/b477278bb2a36d4c59655eb0daa4ce48e8dbc4c4/docs/gallery-part-2.md#case-228,@Kashiko_AIart,https://x.com/Kashiko_AIart/status/2045787856292151322,后续精选,,已做索引盘点，尚未逐条改写与内容审核；后续按差异和用途精选，不计为2.5适配内容,,
gallery,227,哔哩哔哩户晨风直播截图,UI & Interfaces,b477278bb2a36d4c59655eb0daa4ce48e8dbc4c4,https://github.com/wangge-dev/awesome-gpt-image-2/blob/b477278bb2a36d4c59655eb0daa4ce48e8dbc4c4/docs/gallery-part-2.md#case-227,@austinit,https://x.com/austinit/status/2044994519649997183,后续精选,,已做索引盘点，尚未逐条改写与内容审核；后续按差异和用途精选，不计为2.5适配内容,,
gallery,226,古风明朝帝王群像长卷,History & Classical Themes,b477278bb2a36d4c59655eb0daa4ce48e8dbc4c4,https://github.com/wangge-dev/awesome-gpt-image-2/blob/b477278bb2a36d4c59655eb0daa4ce48e8dbc4c4/docs/gallery-part-2.md#case-226,@liyue_ai,https://x.com/liyue_ai/status/2045071977279635962,后续精选,,已做索引盘点，尚未逐条改写与内容审核；后续按差异和用途精选，不计为2.5适配内容,,
gallery,225,大师级真迹复刻,Documents & Publishing,b477278bb2a36d4c59655eb0daa4ce48e8dbc4c4,https://github.com/wangge-dev/awesome-gpt-image-2/blob/b477278bb2a36d4c59655eb0daa4ce48e8dbc4c4/docs/gallery-part-2.md#case-225,@MrLarus,https://x.com/MrLarus/status/2046201836525302032,后续精选,,已做索引盘点，尚未逐条改写与内容审核；后续按差异和用途精选，不计为2.5适配内容,,
gallery,224,机甲少女立于废弃海城,Scenes & Storytelling,b477278bb2a36d4c59655eb0daa4ce48e8dbc4c4,https://github.com/wangge-dev/awesome-gpt-image-2/blob/b477278bb2a36d4c59655eb0daa4ce48e8dbc4c4/docs/gallery-part-2.md#case-224,@old_pgmrs_will,https://x.com/old_pgmrs_will/status/2046144801071079612,后续精选,,已做索引盘点，尚未逐条改写与内容审核；后续按差异和用途精选，不计为2.5适配内容,,
gallery,223,春日禅意水墨群山海报,Posters & Typography,b477278bb2a36d4c59655eb0daa4ce48e8dbc4c4,https://github.com/wangge-dev/awesome-gpt-image-2/blob/b477278bb2a36d4c59655eb0daa4ce48e8dbc4c4/docs/gallery-part-2.md#case-223,@liyue_ai,https://x.com/liyue_ai/status/2046215276249993720,后续精选,,已做索引盘点，尚未逐条改写与内容审核；后续按差异和用途精选，不计为2.5适配内容,,
gallery,222,精致模块化科普百科图鉴,Charts & Infographics,b477278bb2a36d4c59655eb0daa4ce48e8dbc4c4,https://github.com/wangge-dev/awesome-gpt-image-2/blob/b477278bb2a36d4c59655eb0daa4ce48e8dbc4c4/docs/gallery-part-2.md#case-222,@MrLarus,https://x.com/MrLarus/status/2046231542817497392,后续精选,,已做索引盘点，尚未逐条改写与内容审核；后续按差异和用途精选，不计为2.5适配内容,,
gallery,221,窗边日系胶片女孩,Photography & Realism,b477278bb2a36d4c59655eb0daa4ce48e8dbc4c4,https://github.com/wangge-dev/awesome-gpt-image-2/blob/b477278bb2a36d4c59655eb0daa4ce48e8dbc4c4/docs/gallery-part-2.md#case-221,@BubbleBrain,https://x.com/BubbleBrain/status/2046115431144902732,后续精选,,已做索引盘点，尚未逐条改写与内容审核；后续按差异和用途精选，不计为2.5适配内容,,
gallery,220,鎏金广州塔的东方奇幻海报,Posters & Typography,b477278bb2a36d4c59655eb0daa4ce48e8dbc4c4,https://github.com/wangge-dev/awesome-gpt-image-2/blob/b477278bb2a36d4c59655eb0daa4ce48e8dbc4c4/docs/gallery-part-2.md#case-220,@liyue_ai,https://x.com/liyue_ai/status/2046243132774494607,后续精选,,已做索引盘点，尚未逐条改写与内容审核；后续按差异和用途精选，不计为2.5适配内容,,
gallery,219,韩系偶像九宫格写真集,Photography & Realism,b477278bb2a36d4c59655eb0daa4ce48e8dbc4c4,https://github.com/wangge-dev/awesome-gpt-image-2/blob/b477278bb2a36d4c59655eb0daa4ce48e8dbc4c4/docs/gallery-part-2.md#case-219,@BubbleBrain,https://x.com/BubbleBrain/status/2046151898621993364,后续精选,,已做索引盘点，尚未逐条改写与内容审核；后续按差异和用途精选，不计为2.5适配内容,,
gallery,218,绘制科学百科知识图谱,Charts & Infographics,b477278bb2a36d4c59655eb0daa4ce48e8dbc4c4,https://github.com/wangge-dev/awesome-gpt-image-2/blob/b477278bb2a36d4c59655eb0daa4ce48e8dbc4c4/docs/gallery-part-2.md#case-218,@GeekCatX,https://x.com/GeekCatX,后续精选,,已做索引盘点，尚未逐条改写与内容审核；后续按差异和用途精选，不计为2.5适配内容,,
gallery,217,昏暗室内纯真少女的意外回眸,Photography & Realism,b477278bb2a36d4c59655eb0daa4ce48e8dbc4c4,https://github.com/wangge-dev/awesome-gpt-image-2/blob/b477278bb2a36d4c59655eb0daa4ce48e8dbc4c4/docs/gallery-part-2.md#case-217,@BubbleBrain,https://x.com/BubbleBrain/status/2046190539213885806,后续精选,,已做索引盘点，尚未逐条改写与内容审核；后续按差异和用途精选，不计为2.5适配内容,,
gallery,216,雅致图案四款时尚单品设计,Brand & Logos,b477278bb2a36d4c59655eb0daa4ce48e8dbc4c4,https://github.com/wangge-dev/awesome-gpt-image-2/blob/b477278bb2a36d4c59655eb0daa4ce48e8dbc4c4/docs/gallery-part-2.md#case-216,@aiehon_aya,https://x.com/aiehon_aya/status/2046348182301683954,后续精选,,已做索引盘点，尚未逐条改写与内容审核；后续按差异和用途精选，不计为2.5适配内容,,
gallery,215,西方艺术演进像素博物馆,Other Use Cases,b477278bb2a36d4c59655eb0daa4ce48e8dbc4c4,https://github.com/wangge-dev/awesome-gpt-image-2/blob/b477278bb2a36d4c59655eb0daa4ce48e8dbc4c4/docs/gallery-part-2.md#case-215,@GeekCatX,https://x.com/GeekCatX/status/2046172416716759171,后续精选,,已做索引盘点，尚未逐条改写与内容审核；后续按差异和用途精选，不计为2.5适配内容,,
gallery,214,绘制金瓶梅知识图谱,Charts & Infographics,b477278bb2a36d4c59655eb0daa4ce48e8dbc4c4,https://github.com/wangge-dev/awesome-gpt-image-2/blob/b477278bb2a36d4c59655eb0daa4ce48e8dbc4c4/docs/gallery-part-2.md#case-214,@xiaoxiaodong01,https://x.com/xiaoxiaodong01/status/2046252164717416641,后续精选,,已做索引盘点，尚未逐条改写与内容审核；后续按差异和用途精选，不计为2.5适配内容,,
gallery,213,金瓶梅古风开放世界游戏截图,UI & Interfaces,b477278bb2a36d4c59655eb0daa4ce48e8dbc4c4,https://github.com/wangge-dev/awesome-gpt-image-2/blob/b477278bb2a36d4c59655eb0daa4ce48e8dbc4c4/docs/gallery-part-2.md#case-213,@op7418,https://x.com/op7418/status/2046520509651886451,后续精选,,已做索引盘点，尚未逐条改写与内容审核；后续按差异和用途精选，不计为2.5适配内容,,
gallery,212,专业设计师打造角色写真集,Characters & People,b477278bb2a36d4c59655eb0daa4ce48e8dbc4c4,https://github.com/wangge-dev/awesome-gpt-image-2/blob/b477278bb2a36d4c59655eb0daa4ce48e8dbc4c4/docs/gallery-part-2.md#case-212,@Kashiko_AIart,https://x.com/Kashiko_AIart/status/2046492817804099794,后续精选,,已做索引盘点，尚未逐条改写与内容审核；后续按差异和用途精选，不计为2.5适配内容,,
gallery,211,天坛古建拆解全图,Architecture & Spaces,b477278bb2a36d4c59655eb0daa4ce48e8dbc4c4,https://github.com/wangge-dev/awesome-gpt-image-2/blob/b477278bb2a36d4c59655eb0daa4ce48e8dbc4c4/docs/gallery-part-2.md#case-211,@TanShilong,https://x.com/TanShilong/status/2046524996013662380,后续精选,,已做索引盘点，尚未逐条改写与内容审核；后续按差异和用途精选，不计为2.5适配内容,,
gallery,210,萌系大模型训练图解,Charts & Infographics,b477278bb2a36d4c59655eb0daa4ce48e8dbc4c4,https://github.com/wangge-dev/awesome-gpt-image-2/blob/b477278bb2a36d4c59655eb0daa4ce48e8dbc4c4/docs/gallery-part-2.md#case-210,@op7418,https://x.com/op7418/status/2046502136973001143,后续精选,,已做索引盘点，尚未逐条改写与内容审核；后续按差异和用途精选，不计为2.5适配内容,,
gallery,209,神话三国枪战世界,UI & Interfaces,b477278bb2a36d4c59655eb0daa4ce48e8dbc4c4,https://github.com/wangge-dev/awesome-gpt-image-2/blob/b477278bb2a36d4c59655eb0daa4ce48e8dbc4c4/docs/gallery-part-2.md#case-209,@op7418,https://x.com/op7418/status/2046519666047426967,后续精选,,已做索引盘点，尚未逐条改写与内容审核；后续按差异和用途精选，不计为2.5适配内容,,
gallery,208,樱花树下害羞双马尾少女,Scenes & Storytelling,b477278bb2a36d4c59655eb0daa4ce48e8dbc4c4,https://github.com/wangge-dev/awesome-gpt-image-2/blob/b477278bb2a36d4c59655eb0daa4ce48e8dbc4c4/docs/gallery-part-2.md#case-208,@joshesye,https://x.com/joshesye/status/2046593124646928397,后续精选,,已做索引盘点，尚未逐条改写与内容审核；后续按差异和用途精选，不计为2.5适配内容,,
gallery,207,黑神话潘金莲绝美游戏封面,UI & Interfaces,b477278bb2a36d4c59655eb0daa4ce48e8dbc4c4,https://github.com/wangge-dev/awesome-gpt-image-2/blob/b477278bb2a36d4c59655eb0daa4ce48e8dbc4c4/docs/gallery-part-2.md#case-207,@liyue_ai,https://x.com/liyue_ai/status/2046576160952443082,后续精选,,已做索引盘点，尚未逐条改写与内容审核；后续按差异和用途精选，不计为2.5适配内容,,
gallery,206,国风工笔八仙长卷插画,History & Classical Themes,b477278bb2a36d4c59655eb0daa4ce48e8dbc4c4,https://github.com/wangge-dev/awesome-gpt-image-2/blob/b477278bb2a36d4c59655eb0daa4ce48e8dbc4c4/docs/gallery-part-2.md#case-206,@GeekCatX,https://x.com/GeekCatX/status/2046559605074076112,后续精选,,已做索引盘点，尚未逐条改写与内容审核；后续按差异和用途精选，不计为2.5适配内容,,
gallery,205,皇宫深处的御用快递驿站,History & Classical Themes,b477278bb2a36d4c59655eb0daa4ce48e8dbc4c4,https://github.com/wangge-dev/awesome-gpt-image-2/blob/b477278bb2a36d4c59655eb0daa4ce48e8dbc4c4/docs/gallery-part-2.md#case-205,@joshesye,https://x.com/joshesye/status/2046596222505361866,后续精选,,已做索引盘点，尚未逐条改写与内容审核；后续按差异和用途精选，不计为2.5适配内容,,
gallery,204,智能动画分镜生成器,Other Use Cases,b477278bb2a36d4c59655eb0daa4ce48e8dbc4c4,https://github.com/wangge-dev/awesome-gpt-image-2/blob/b477278bb2a36d4c59655eb0daa4ce48e8dbc4c4/docs/gallery-part-2.md#case-204,@joshesye,https://x.com/joshesye/status/2046596222505361866,后续精选,,已做索引盘点，尚未逐条改写与内容审核；后续按差异和用途精选，不计为2.5适配内容,,
gallery,203,杠精视角的独特文案创意,Other Use Cases,b477278bb2a36d4c59655eb0daa4ce48e8dbc4c4,https://github.com/wangge-dev/awesome-gpt-image-2/blob/b477278bb2a36d4c59655eb0daa4ce48e8dbc4c4/docs/gallery-part-2.md#case-203,@joshesye,https://x.com/joshesye/status/2046596222505361866,后续精选,,已做索引盘点，尚未逐条改写与内容审核；后续按差异和用途精选，不计为2.5适配内容,,
gallery,202,宅男必看绝美二次元少女,Photography & Realism,b477278bb2a36d4c59655eb0daa4ce48e8dbc4c4,https://github.com/wangge-dev/awesome-gpt-image-2/blob/b477278bb2a36d4c59655eb0daa4ce48e8dbc4c4/docs/gallery-part-2.md#case-202,@joshesye,https://x.com/joshesye/status/2046596222505361866,后续精选,,已做索引盘点，尚未逐条改写与内容审核；后续按差异和用途精选，不计为2.5适配内容,,
gallery,201,三甲医院真实门诊处方笺,Documents & Publishing,b477278bb2a36d4c59655eb0daa4ce48e8dbc4c4,https://github.com/wangge-dev/awesome-gpt-image-2/blob/b477278bb2a36d4c59655eb0daa4ce48e8dbc4c4/docs/gallery-part-2.md#case-201,@msjiaozhu,https://x.com/msjiaozhu/status/2046546317766500834,后续精选,,已做索引盘点，尚未逐条改写与内容审核；后续按差异和用途精选，不计为2.5适配内容,,
gallery,200,热度爆表的美女内衣直播间,UI & Interfaces,b477278bb2a36d4c59655eb0daa4ce48e8dbc4c4,https://github.com/wangge-dev/awesome-gpt-image-2/blob/b477278bb2a36d4c59655eb0daa4ce48e8dbc4c4/docs/gallery-part-2.md#case-200,@xiaohu,https://x.com/xiaohu/status/2046536551681954207,后续精选,,已做索引盘点，尚未逐条改写与内容审核；后续按差异和用途精选，不计为2.5适配内容,,
gallery,199,超写实海滩高角度手机自拍,Photography & Realism,b477278bb2a36d4c59655eb0daa4ce48e8dbc4c4,https://github.com/wangge-dev/awesome-gpt-image-2/blob/b477278bb2a36d4c59655eb0daa4ce48e8dbc4c4/docs/gallery-part-2.md#case-199,@IamEmily2050,https://x.com/IamEmily2050/status/2046602266627465534,后续精选,,已做索引盘点，尚未逐条改写与内容审核；后续按差异和用途精选，不计为2.5适配内容,,
gallery,198,苍白陶瓷娃娃沙滩仰视,Photography & Realism,b477278bb2a36d4c59655eb0daa4ce48e8dbc4c4,https://github.com/wangge-dev/awesome-gpt-image-2/blob/b477278bb2a36d4c59655eb0daa4ce48e8dbc4c4/docs/gallery-part-2.md#case-198,@IamEmily2050,https://x.com/IamEmily2050/status/2046584217656570035,后续精选,,已做索引盘点，尚未逐条改写与内容审核；后续按差异和用途精选，不计为2.5适配内容,,
gallery,197,英雄联盟特朗普中路对决哈梅内伊,UI & Interfaces,b477278bb2a36d4c59655eb0daa4ce48e8dbc4c4,https://github.com/wangge-dev/awesome-gpt-image-2/blob/b477278bb2a36d4c59655eb0daa4ce48e8dbc4c4/docs/gallery-part-2.md#case-197,@underwoodxie96,https://x.com/underwoodxie96/status/2046529342415790275,后续精选,,已做索引盘点，尚未逐条改写与内容审核；后续按差异和用途精选，不计为2.5适配内容,,
gallery,196,试卷上的涂鸦巨龙,Other Use Cases,b477278bb2a36d4c59655eb0daa4ce48e8dbc4c4,https://github.com/wangge-dev/awesome-gpt-image-2/blob/b477278bb2a36d4c59655eb0daa4ce48e8dbc4c4/docs/gallery-part-2.md#case-196,@GeekCatX,https://x.com/GeekCatX/status/2046539797578330152,后续精选,,已做索引盘点，尚未逐条改写与内容审核；后续按差异和用途精选，不计为2.5适配内容,,
gallery,195,超写实与水墨的梦幻融合,Photography & Realism,b477278bb2a36d4c59655eb0daa4ce48e8dbc4c4,https://github.com/wangge-dev/awesome-gpt-image-2/blob/b477278bb2a36d4c59655eb0daa4ce48e8dbc4c4/docs/gallery-part-2.md#case-195,@johnAGI168,https://x.com/johnAGI168/status/2046596103919767857,后续精选,,已做索引盘点，尚未逐条改写与内容审核；后续按差异和用途精选，不计为2.5适配内容,,
gallery,194,健身蛋白粉电商详情页,Products & E-commerce,b477278bb2a36d4c59655eb0daa4ce48e8dbc4c4,https://github.com/wangge-dev/awesome-gpt-image-2/blob/b477278bb2a36d4c59655eb0daa4ce48e8dbc4c4/docs/gallery-part-2.md#case-194,@MrLarus,https://x.com/MrLarus/status/2046544209117634735,后续精选,,已做索引盘点，尚未逐条改写与内容审核；后续按差异和用途精选，不计为2.5适配内容,,
gallery,193,千手观音化身打工人,Illustration & Art,b477278bb2a36d4c59655eb0daa4ce48e8dbc4c4,https://github.com/wangge-dev/awesome-gpt-image-2/blob/b477278bb2a36d4c59655eb0daa4ce48e8dbc4c4/docs/gallery-part-2.md#case-193,@johnAGI168,https://x.com/johnAGI168/status/2046565555025367392,后续精选,,已做索引盘点，尚未逐条改写与内容审核；后续按差异和用途精选，不计为2.5适配内容,,
gallery,192,电商商品展示图,Products & E-commerce,b477278bb2a36d4c59655eb0daa4ce48e8dbc4c4,https://github.com/wangge-dev/awesome-gpt-image-2/blob/b477278bb2a36d4c59655eb0daa4ce48e8dbc4c4/docs/gallery-part-2.md#case-192,@MrLarus,https://x.com/MrLarus/status/2046544209117634735,后续精选,,已做索引盘点，尚未逐条改写与内容审核；后续按差异和用途精选，不计为2.5适配内容,,
gallery,191,史诗级科幻电影海报设计,Posters & Typography,b477278bb2a36d4c59655eb0daa4ce48e8dbc4c4,https://github.com/wangge-dev/awesome-gpt-image-2/blob/b477278bb2a36d4c59655eb0daa4ce48e8dbc4c4/docs/gallery-part-2.md#case-191,@underwoodxie96,https://x.com/underwoodxie96/status/2046514205529088501,后续精选,,已做索引盘点，尚未逐条改写与内容审核；后续按差异和用途精选，不计为2.5适配内容,,
gallery,190,全自动咖啡机产品展示,Products & E-commerce,b477278bb2a36d4c59655eb0daa4ce48e8dbc4c4,https://github.com/wangge-dev/awesome-gpt-image-2/blob/b477278bb2a36d4c59655eb0daa4ce48e8dbc4c4/docs/gallery-part-2.md#case-190,@MrLarus,https://x.com/MrLarus/status/2046544209117634735,后续精选,,已做索引盘点，尚未逐条改写与内容审核；后续按差异和用途精选，不计为2.5适配内容,,
gallery,189,清新夏日女装连衣裙电商展示,Products & E-commerce,b477278bb2a36d4c59655eb0daa4ce48e8dbc4c4,https://github.com/wangge-dev/awesome-gpt-image-2/blob/b477278bb2a36d4c59655eb0daa4ce48e8dbc4c4/docs/gallery-part-2.md#case-189,@MrLarus,https://x.com/MrLarus/status/2046544209117634735,后续精选,,已做索引盘点，尚未逐条改写与内容审核；后续按差异和用途精选，不计为2.5适配内容,,
gallery,188,暗黑极简头像网站视觉设计,UI & Interfaces,b477278bb2a36d4c59655eb0daa4ce48e8dbc4c4,https://github.com/wangge-dev/awesome-gpt-image-2/blob/b477278bb2a36d4c59655eb0daa4ce48e8dbc4c4/docs/gallery-part-2.md#case-188,@xiaoxiaodong01,https://x.com/xiaoxiaodong01/status/2046556758521573546,后续精选,,已做索引盘点，尚未逐条改写与内容审核；后续按差异和用途精选，不计为2.5适配内容,,
gallery,187,韩系极简氛围感少女写真,Photography & Realism,b477278bb2a36d4c59655eb0daa4ce48e8dbc4c4,https://github.com/wangge-dev/awesome-gpt-image-2/blob/b477278bb2a36d4c59655eb0daa4ce48e8dbc4c4/docs/gallery-part-2.md#case-187,@BubbleBrain,https://x.com/BubbleBrain/status/2046434670724907395,后续精选,,已做索引盘点，尚未逐条改写与内容审核；后续按差异和用途精选，不计为2.5适配内容,,
gallery,186,品牌视觉识别图,Brand & Logos,b477278bb2a36d4c59655eb0daa4ce48e8dbc4c4,https://github.com/wangge-dev/awesome-gpt-image-2/blob/b477278bb2a36d4c59655eb0daa4ce48e8dbc4c4/docs/gallery-part-2.md#case-186,@ProperPrompter,https://x.com/ProperPrompter/status/2046534215311970694,后续精选,,已做索引盘点，尚未逐条改写与内容审核；后续按差异和用途精选，不计为2.5适配内容,,
gallery,185,武则天发微博自拍太魔性了,History & Classical Themes,b477278bb2a36d4c59655eb0daa4ce48e8dbc4c4,https://github.com/wangge-dev/awesome-gpt-image-2/blob/b477278bb2a36d4c59655eb0daa4ce48e8dbc4c4/docs/gallery-part-2.md#case-185,@MrLarus,https://x.com/MrLarus/status/2046585220393324553,后续精选,,已做索引盘点，尚未逐条改写与内容审核；后续按差异和用途精选，不计为2.5适配内容,,
gallery,184,杜甫朋友圈吐槽茅屋被掀翻,History & Classical Themes,b477278bb2a36d4c59655eb0daa4ce48e8dbc4c4,https://github.com/wangge-dev/awesome-gpt-image-2/blob/b477278bb2a36d4c59655eb0daa4ce48e8dbc4c4/docs/gallery-part-2.md#case-184,@MrLarus,https://x.com/MrLarus/status/2046585220393324553,后续精选,,已做索引盘点，尚未逐条改写与内容审核；后续按差异和用途精选，不计为2.5适配内容,,
gallery,183,一张中文健身信息图,Charts & Infographics,b477278bb2a36d4c59655eb0daa4ce48e8dbc4c4,https://github.com/wangge-dev/awesome-gpt-image-2/blob/b477278bb2a36d4c59655eb0daa4ce48e8dbc4c4/docs/gallery-part-2.md#case-183,@MrLarus,https://x.com/MrLarus/status/2046560406760505727,后续精选,,已做索引盘点，尚未逐条改写与内容审核；后续按差异和用途精选，不计为2.5适配内容,,
gallery,182,千禧年日系校园喜剧场景,Scenes & Storytelling,b477278bb2a36d4c59655eb0daa4ce48e8dbc4c4,https://github.com/wangge-dev/awesome-gpt-image-2/blob/b477278bb2a36d4c59655eb0daa4ce48e8dbc4c4/docs/gallery-part-2.md#case-182,@UminekoStudio,https://x.com/UminekoStudio/status/2046488248256806981,后续精选,,已做索引盘点，尚未逐条改写与内容审核；后续按差异和用途精选，不计为2.5适配内容,,
gallery,181,潮流视角重塑精致商品广告,Posters & Typography,b477278bb2a36d4c59655eb0daa4ce48e8dbc4c4,https://github.com/wangge-dev/awesome-gpt-image-2/blob/b477278bb2a36d4c59655eb0daa4ce48e8dbc4c4/docs/gallery-part-2.md#case-181,@genel_ai,https://x.com/genel_ai/status/2046498264774791514,后续精选,,已做索引盘点，尚未逐条改写与内容审核；后续按差异和用途精选，不计为2.5适配内容,,
gallery,180,荒诞超现实女装大叔海报,Posters & Typography,b477278bb2a36d4c59655eb0daa4ce48e8dbc4c4,https://github.com/wangge-dev/awesome-gpt-image-2/blob/b477278bb2a36d4c59655eb0daa4ce48e8dbc4c4/docs/gallery-part-2.md#case-180,@aiehon_aya,https://x.com/aiehon_aya/status/2046499177916682600,后续精选,,已做索引盘点，尚未逐条改写与内容审核；后续按差异和用途精选，不计为2.5适配内容,,
gallery,179,蒸汽朋克射手座解剖图谱,Charts & Infographics,b477278bb2a36d4c59655eb0daa4ce48e8dbc4c4,https://github.com/wangge-dev/awesome-gpt-image-2/blob/b477278bb2a36d4c59655eb0daa4ce48e8dbc4c4/docs/gallery-part-2.md#case-179,@GeekCatX,https://x.com/GeekCatX/status/2046574334572212694,后续精选,,已做索引盘点，尚未逐条改写与内容审核；后续按差异和用途精选，不计为2.5适配内容,,
gallery,178,亚马逊详情图设计,Products & E-commerce,b477278bb2a36d4c59655eb0daa4ce48e8dbc4c4,https://github.com/wangge-dev/awesome-gpt-image-2/blob/b477278bb2a36d4c59655eb0daa4ce48e8dbc4c4/docs/gallery-part-2.md#case-178,@xin_pai88825,https://x.com/xin_pai88825/status/2046576100592201946,后续精选,,已做索引盘点，尚未逐条改写与内容审核；后续按差异和用途精选，不计为2.5适配内容,,
gallery,177,吉利银河暗黑中控界面,UI & Interfaces,b477278bb2a36d4c59655eb0daa4ce48e8dbc4c4,https://github.com/wangge-dev/awesome-gpt-image-2/blob/b477278bb2a36d4c59655eb0daa4ce48e8dbc4c4/docs/gallery-part-2.md#case-177,@xin_pai88825,https://x.com/xin_pai88825/status/2046576100592201946,后续精选,,已做索引盘点，尚未逐条改写与内容审核；后续按差异和用途精选，不计为2.5适配内容,,
gallery,176,苏轼被贬首日朋友圈曝光,History & Classical Themes,b477278bb2a36d4c59655eb0daa4ce48e8dbc4c4,https://github.com/wangge-dev/awesome-gpt-image-2/blob/b477278bb2a36d4c59655eb0daa4ce48e8dbc4c4/docs/gallery-part-2.md#case-176,@MrLarus,https://x.com/MrLarus/status/2046585220393324553,后续精选,,已做索引盘点，尚未逐条改写与内容审核；后续按差异和用途精选，不计为2.5适配内容,,
gallery,175,封面排版设计图,Posters & Typography,b477278bb2a36d4c59655eb0daa4ce48e8dbc4c4,https://github.com/wangge-dev/awesome-gpt-image-2/blob/b477278bb2a36d4c59655eb0daa4ce48e8dbc4c4/docs/gallery-part-2.md#case-175,@cellier_,https://x.com/cellier_/status/2046615173411262959,后续精选,,已做索引盘点，尚未逐条改写与内容审核；后续按差异和用途精选，不计为2.5适配内容,,
gallery,174,唐朝贵妇遛粉色马甲异形工笔画,History & Classical Themes,b477278bb2a36d4c59655eb0daa4ce48e8dbc4c4,https://github.com/wangge-dev/awesome-gpt-image-2/blob/b477278bb2a36d4c59655eb0daa4ce48e8dbc4c4/docs/gallery-part-2.md#case-174,@johnAGI168,https://x.com/johnAGI168/status/2046565555025367392,后续精选,,已做索引盘点，尚未逐条改写与内容审核；后续按差异和用途精选，不计为2.5适配内容,,
gallery,173,银河繁星点缀的冰蓝襦裙,Other Use Cases,b477278bb2a36d4c59655eb0daa4ce48e8dbc4c4,https://github.com/wangge-dev/awesome-gpt-image-2/blob/b477278bb2a36d4c59655eb0daa4ce48e8dbc4c4/docs/gallery-part-2.md#case-173,@fdtreesky,https://x.com/fdtreesky/status/2046508731090018331,后续精选,,已做索引盘点，尚未逐条改写与内容审核；后续按差异和用途精选，不计为2.5适配内容,,
gallery,172,赛博科幻桃太郎主视觉图,Brand & Logos,b477278bb2a36d4c59655eb0daa4ce48e8dbc4c4,https://github.com/wangge-dev/awesome-gpt-image-2/blob/b477278bb2a36d4c59655eb0daa4ce48e8dbc4c4/docs/gallery-part-2.md#case-172,@SSSS_CRYPTOMAN,https://x.com/SSSS_CRYPTOMAN/status/2046575354555617761,后续精选,,已做索引盘点，尚未逐条改写与内容审核；后续按差异和用途精选，不计为2.5适配内容,,
gallery,171,信息图可视化设计,Charts & Infographics,b477278bb2a36d4c59655eb0daa4ce48e8dbc4c4,https://github.com/wangge-dev/awesome-gpt-image-2/blob/b477278bb2a36d4c59655eb0daa4ce48e8dbc4c4/docs/gallery-part-2.md#case-171,@umesh_ai,https://x.com/umesh_ai/status/2046510988367945983,后续精选,,已做索引盘点，尚未逐条改写与内容审核；后续按差异和用途精选，不计为2.5适配内容,,
gallery,168,手写中西药方图片,Documents & Publishing,b477278bb2a36d4c59655eb0daa4ce48e8dbc4c4,https://github.com/wangge-dev/awesome-gpt-image-2/blob/b477278bb2a36d4c59655eb0daa4ce48e8dbc4c4/docs/gallery-part-2.md#case-168,@MrLarus,https://x.com/MrLarus/status/2046514998965371144,后续精选,,已做索引盘点，尚未逐条改写与内容审核；后续按差异和用途精选，不计为2.5适配内容,,
gallery,167,大唐玄武门之变的朋友圈,History & Classical Themes,b477278bb2a36d4c59655eb0daa4ce48e8dbc4c4,https://github.com/wangge-dev/awesome-gpt-image-2/blob/b477278bb2a36d4c59655eb0daa4ce48e8dbc4c4/docs/gallery-part-2.md#case-167,@Tz_2022,https://x.com/Tz_2022/status/2046523491940225366,后续精选,,已做索引盘点，尚未逐条改写与内容审核；后续按差异和用途精选，不计为2.5适配内容,,
gallery,166,十二黄金圣斗士卡牌合集,Other Use Cases,b477278bb2a36d4c59655eb0daa4ce48e8dbc4c4,https://github.com/wangge-dev/awesome-gpt-image-2/blob/b477278bb2a36d4c59655eb0daa4ce48e8dbc4c4/docs/gallery-part-2.md#case-166,@songguoxiansen,https://x.com/songguoxiansen/status/2046476566537080849,后续精选,,已做索引盘点，尚未逐条改写与内容审核；后续按差异和用途精选，不计为2.5适配内容,,
gallery,165,清冷佳人夜市烧烤三刀流,Photography & Realism,b477278bb2a36d4c59655eb0daa4ce48e8dbc4c4,https://github.com/wangge-dev/awesome-gpt-image-2/blob/b477278bb2a36d4c59655eb0daa4ce48e8dbc4c4/docs/gallery-part-1.md#case-165,@BubbleBrain,https://x.com/BubbleBrain/status/2046564674112831920,后续精选,,已做索引盘点，尚未逐条改写与内容审核；后续按差异和用途精选，不计为2.5适配内容,,
gallery,164,特朗普太空直播间破千万,UI & Interfaces,b477278bb2a36d4c59655eb0daa4ce48e8dbc4c4,https://github.com/wangge-dev/awesome-gpt-image-2/blob/b477278bb2a36d4c59655eb0daa4ce48e8dbc4c4/docs/gallery-part-1.md#case-164,@songguoxiansen,https://x.com/songguoxiansen/status/2046478609238626569,后续精选,,已做索引盘点，尚未逐条改写与内容审核；后续按差异和用途精选，不计为2.5适配内容,,
gallery,163,诗仙李白月下直播起舞,UI & Interfaces,b477278bb2a36d4c59655eb0daa4ce48e8dbc4c4,https://github.com/wangge-dev/awesome-gpt-image-2/blob/b477278bb2a36d4c59655eb0daa4ce48e8dbc4c4/docs/gallery-part-1.md#case-163,@MrLarus,https://x.com/MrLarus/status/2046585220393324553,后续精选,,已做索引盘点，尚未逐条改写与内容审核；后续按差异和用途精选，不计为2.5适配内容,,
gallery,162,人物角色设定图,Characters & People,b477278bb2a36d4c59655eb0daa4ce48e8dbc4c4,https://github.com/wangge-dev/awesome-gpt-image-2/blob/b477278bb2a36d4c59655eb0daa4ce48e8dbc4c4/docs/gallery-part-1.md#case-162,@nicdunz,https://x.com/nicdunz,后续精选,,已做索引盘点，尚未逐条改写与内容审核；后续按差异和用途精选，不计为2.5适配内容,,
gallery,161,应用界面样机图,UI & Interfaces,b477278bb2a36d4c59655eb0daa4ce48e8dbc4c4,https://github.com/wangge-dev/awesome-gpt-image-2/blob/b477278bb2a36d4c59655eb0daa4ce48e8dbc4c4/docs/gallery-part-1.md#case-161,@DanDaniDaniel01,https://x.com/DanDaniDaniel01,后续精选,,已做索引盘点，尚未逐条改写与内容审核；后续按差异和用途精选，不计为2.5适配内容,,
gallery,160,品牌吉祥物设定图,Brand & Logos,b477278bb2a36d4c59655eb0daa4ce48e8dbc4c4,https://github.com/wangge-dev/awesome-gpt-image-2/blob/b477278bb2a36d4c59655eb0daa4ce48e8dbc4c4/docs/gallery-part-1.md#case-160,@TanShilong,https://x.com/TanShilong,后续精选,,已做索引盘点，尚未逐条改写与内容审核；后续按差异和用途精选，不计为2.5适配内容,,
gallery,159,界面交互设计图,UI & Interfaces,b477278bb2a36d4c59655eb0daa4ce48e8dbc4c4,https://github.com/wangge-dev/awesome-gpt-image-2/blob/b477278bb2a36d4c59655eb0daa4ce48e8dbc4c4/docs/gallery-part-1.md#case-159,@onlyhuman028,https://x.com/onlyhuman028,后续精选,,已做索引盘点，尚未逐条改写与内容审核；后续按差异和用途精选，不计为2.5适配内容,,
gallery,158,界面交互设计图,UI & Interfaces,b477278bb2a36d4c59655eb0daa4ce48e8dbc4c4,https://github.com/wangge-dev/awesome-gpt-image-2/blob/b477278bb2a36d4c59655eb0daa4ce48e8dbc4c4/docs/gallery-part-1.md#case-158,@coconut_256,https://x.com/coconut_256,后续精选,,已做索引盘点，尚未逐条改写与内容审核；后续按差异和用途精选，不计为2.5适配内容,,
gallery,157,电商商品展示设计,Products & E-commerce,b477278bb2a36d4c59655eb0daa4ce48e8dbc4c4,https://github.com/wangge-dev/awesome-gpt-image-2/blob/b477278bb2a36d4c59655eb0daa4ce48e8dbc4c4/docs/gallery-part-1.md#case-157,@AmberPromptai,https://x.com/AmberPromptai,后续精选,,已做索引盘点，尚未逐条改写与内容审核；后续按差异和用途精选，不计为2.5适配内容,,
gallery,156,应用界面样机图,UI & Interfaces,b477278bb2a36d4c59655eb0daa4ce48e8dbc4c4,https://github.com/wangge-dev/awesome-gpt-image-2/blob/b477278bb2a36d4c59655eb0daa4ce48e8dbc4c4/docs/gallery-part-1.md#case-156,@linxiaobei888,https://x.com/linxiaobei888,后续精选,,已做索引盘点，尚未逐条改写与内容审核；后续按差异和用途精选，不计为2.5适配内容,,
gallery,155,人物角色设定图,Products & E-commerce,b477278bb2a36d4c59655eb0daa4ce48e8dbc4c4,https://github.com/wangge-dev/awesome-gpt-image-2/blob/b477278bb2a36d4c59655eb0daa4ce48e8dbc4c4/docs/gallery-part-1.md#case-155,@wtry1102,https://x.com/wtry1102,后续精选,,已做索引盘点，尚未逐条改写与内容审核；后续按差异和用途精选，不计为2.5适配内容,,
gallery,154,写实摄影风格创作,Photography & Realism,b477278bb2a36d4c59655eb0daa4ce48e8dbc4c4,https://github.com/wangge-dev/awesome-gpt-image-2/blob/b477278bb2a36d4c59655eb0daa4ce48e8dbc4c4/docs/gallery-part-1.md#case-154,@AlwaveNazca,https://x.com/AlwaveNazca,后续精选,,已做索引盘点，尚未逐条改写与内容审核；后续按差异和用途精选，不计为2.5适配内容,,
gallery,153,主题海报版式设计,Posters & Typography,b477278bb2a36d4c59655eb0daa4ce48e8dbc4c4,https://github.com/wangge-dev/awesome-gpt-image-2/blob/b477278bb2a36d4c59655eb0daa4ce48e8dbc4c4/docs/gallery-part-1.md#case-153,@xzjken,https://x.com/xzjken,后续精选,,已做索引盘点，尚未逐条改写与内容审核；后续按差异和用途精选，不计为2.5适配内容,,
gallery,152,直播界面设计图,UI & Interfaces,b477278bb2a36d4c59655eb0daa4ce48e8dbc4c4,https://github.com/wangge-dev/awesome-gpt-image-2/blob/b477278bb2a36d4c59655eb0daa4ce48e8dbc4c4/docs/gallery-part-1.md#case-152,@coder_left,https://x.com/coder_left,后续精选,,已做索引盘点，尚未逐条改写与内容审核；后续按差异和用途精选，不计为2.5适配内容,,
gallery,151,界面交互设计图,Products & E-commerce,b477278bb2a36d4c59655eb0daa4ce48e8dbc4c4,https://github.com/wangge-dev/awesome-gpt-image-2/blob/b477278bb2a36d4c59655eb0daa4ce48e8dbc4c4/docs/gallery-part-1.md#case-151,@kitune_fire45,https://x.com/kitune_fire45,后续精选,,已做索引盘点，尚未逐条改写与内容审核；后续按差异和用途精选，不计为2.5适配内容,,
gallery,150,品牌徽标设计图,Products & E-commerce,b477278bb2a36d4c59655eb0daa4ce48e8dbc4c4,https://github.com/wangge-dev/awesome-gpt-image-2/blob/b477278bb2a36d4c59655eb0daa4ce48e8dbc4c4/docs/gallery-part-1.md#case-150,@highball_cho,https://x.com/highball_cho,后续精选,,已做索引盘点，尚未逐条改写与内容审核；后续按差异和用途精选，不计为2.5适配内容,,
gallery,149,直播界面设计图,UI & Interfaces,b477278bb2a36d4c59655eb0daa4ce48e8dbc4c4,https://github.com/wangge-dev/awesome-gpt-image-2/blob/b477278bb2a36d4c59655eb0daa4ce48e8dbc4c4/docs/gallery-part-1.md#case-149,@JCutcut47692,https://x.com/JCutcut47692,后续精选,,已做索引盘点，尚未逐条改写与内容审核；后续按差异和用途精选，不计为2.5适配内容,,
gallery,148,综合应用场景图,UI & Interfaces,b477278bb2a36d4c59655eb0daa4ce48e8dbc4c4,https://github.com/wangge-dev/awesome-gpt-image-2/blob/b477278bb2a36d4c59655eb0daa4ce48e8dbc4c4/docs/gallery-part-1.md#case-148,@alanlovelq,https://x.com/alanlovelq,后续精选,,已做索引盘点，尚未逐条改写与内容审核；后续按差异和用途精选，不计为2.5适配内容,,
gallery,147,综合应用场景图,Photography & Realism,b477278bb2a36d4c59655eb0daa4ce48e8dbc4c4,https://github.com/wangge-dev/awesome-gpt-image-2/blob/b477278bb2a36d4c59655eb0daa4ce48e8dbc4c4/docs/gallery-part-1.md#case-147,@alanlovelq,https://x.com/alanlovelq,后续精选,,已做索引盘点，尚未逐条改写与内容审核；后续按差异和用途精选，不计为2.5适配内容,,
gallery,146,综合应用场景图,UI & Interfaces,b477278bb2a36d4c59655eb0daa4ce48e8dbc4c4,https://github.com/wangge-dev/awesome-gpt-image-2/blob/b477278bb2a36d4c59655eb0daa4ce48e8dbc4c4/docs/gallery-part-1.md#case-146,@alanlovelq,https://x.com/alanlovelq,后续精选,,已做索引盘点，尚未逐条改写与内容审核；后续按差异和用途精选，不计为2.5适配内容,,
gallery,145,综合应用场景图,UI & Interfaces,b477278bb2a36d4c59655eb0daa4ce48e8dbc4c4,https://github.com/wangge-dev/awesome-gpt-image-2/blob/b477278bb2a36d4c59655eb0daa4ce48e8dbc4c4/docs/gallery-part-1.md#case-145,@alanlovelq,https://x.com/alanlovelq,后续精选,,已做索引盘点，尚未逐条改写与内容审核；后续按差异和用途精选，不计为2.5适配内容,,
gallery,144,主题海报版式设计,Products & E-commerce,b477278bb2a36d4c59655eb0daa4ce48e8dbc4c4,https://github.com/wangge-dev/awesome-gpt-image-2/blob/b477278bb2a36d4c59655eb0daa4ce48e8dbc4c4/docs/gallery-part-1.md#case-144,@panchaaan_2,https://x.com/panchaaan_2,后续精选,,已做索引盘点，尚未逐条改写与内容审核；后续按差异和用途精选，不计为2.5适配内容,,
gallery,143,品牌徽标设计图,Photography & Realism,b477278bb2a36d4c59655eb0daa4ce48e8dbc4c4,https://github.com/wangge-dev/awesome-gpt-image-2/blob/b477278bb2a36d4c59655eb0daa4ce48e8dbc4c4/docs/gallery-part-1.md#case-143,@Gc_qube,https://x.com/Gc_qube,后续精选,,已做索引盘点，尚未逐条改写与内容审核；后续按差异和用途精选，不计为2.5适配内容,,
gallery,142,写实摄影风格创作,Products & E-commerce,b477278bb2a36d4c59655eb0daa4ce48e8dbc4c4,https://github.com/wangge-dev/awesome-gpt-image-2/blob/b477278bb2a36d4c59655eb0daa4ce48e8dbc4c4/docs/gallery-part-1.md#case-142,@anemone_sd,https://x.com/anemone_sd,后续精选,,已做索引盘点，尚未逐条改写与内容审核；后续按差异和用途精选，不计为2.5适配内容,,
gallery,141,电商商品展示设计,Products & E-commerce,b477278bb2a36d4c59655eb0daa4ce48e8dbc4c4,https://github.com/wangge-dev/awesome-gpt-image-2/blob/b477278bb2a36d4c59655eb0daa4ce48e8dbc4c4/docs/gallery-part-1.md#case-141,@takadtmnu,https://x.com/takadtmnu,后续精选,,已做索引盘点，尚未逐条改写与内容审核；后续按差异和用途精选，不计为2.5适配内容,,
gallery,140,主题海报版式设计,Posters & Typography,b477278bb2a36d4c59655eb0daa4ce48e8dbc4c4,https://github.com/wangge-dev/awesome-gpt-image-2/blob/b477278bb2a36d4c59655eb0daa4ce48e8dbc4c4/docs/gallery-part-1.md#case-140,@AutoIntelliMode,https://x.com/AutoIntelliMode,后续精选,,已做索引盘点，尚未逐条改写与内容审核；后续按差异和用途精选，不计为2.5适配内容,,
gallery,139,主题海报版式设计,Posters & Typography,b477278bb2a36d4c59655eb0daa4ce48e8dbc4c4,https://github.com/wangge-dev/awesome-gpt-image-2/blob/b477278bb2a36d4c59655eb0daa4ce48e8dbc4c4/docs/gallery-part-1.md#case-139,@nakazakifam,https://x.com/nakazakifam,后续精选,,已做索引盘点，尚未逐条改写与内容审核；后续按差异和用途精选，不计为2.5适配内容,,
gallery,138,封面排版设计图,Brand & Logos,b477278bb2a36d4c59655eb0daa4ce48e8dbc4c4,https://github.com/wangge-dev/awesome-gpt-image-2/blob/b477278bb2a36d4c59655eb0daa4ce48e8dbc4c4/docs/gallery-part-1.md#case-138,@aiehon_aya,https://x.com/aiehon_aya,后续精选,,已做索引盘点，尚未逐条改写与内容审核；后续按差异和用途精选，不计为2.5适配内容,,
gallery,137,界面交互设计图,Brand & Logos,b477278bb2a36d4c59655eb0daa4ce48e8dbc4c4,https://github.com/wangge-dev/awesome-gpt-image-2/blob/b477278bb2a36d4c59655eb0daa4ce48e8dbc4c4/docs/gallery-part-1.md#case-137,@ryuya__31,https://x.com/ryuya__31,后续精选,,已做索引盘点，尚未逐条改写与内容审核；后续按差异和用途精选，不计为2.5适配内容,,
gallery,136,品牌视觉识别图,Brand & Logos,b477278bb2a36d4c59655eb0daa4ce48e8dbc4c4,https://github.com/wangge-dev/awesome-gpt-image-2/blob/b477278bb2a36d4c59655eb0daa4ce48e8dbc4c4/docs/gallery-part-1.md#case-136,@ryuya__31,https://x.com/ryuya__31,后续精选,,已做索引盘点，尚未逐条改写与内容审核；后续按差异和用途精选，不计为2.5适配内容,,
gallery,135,应用界面样机图,Brand & Logos,b477278bb2a36d4c59655eb0daa4ce48e8dbc4c4,https://github.com/wangge-dev/awesome-gpt-image-2/blob/b477278bb2a36d4c59655eb0daa4ce48e8dbc4c4/docs/gallery-part-1.md#case-135,@ryuya__31,https://x.com/ryuya__31,后续精选,,已做索引盘点，尚未逐条改写与内容审核；后续按差异和用途精选，不计为2.5适配内容,,
gallery,134,界面交互设计图,Brand & Logos,b477278bb2a36d4c59655eb0daa4ce48e8dbc4c4,https://github.com/wangge-dev/awesome-gpt-image-2/blob/b477278bb2a36d4c59655eb0daa4ce48e8dbc4c4/docs/gallery-part-1.md#case-134,@ryuya__31,https://x.com/ryuya__31,后续精选,,已做索引盘点，尚未逐条改写与内容审核；后续按差异和用途精选，不计为2.5适配内容,,
gallery,133,界面交互设计图,UI & Interfaces,b477278bb2a36d4c59655eb0daa4ce48e8dbc4c4,https://github.com/wangge-dev/awesome-gpt-image-2/blob/b477278bb2a36d4c59655eb0daa4ce48e8dbc4c4/docs/gallery-part-1.md#case-133,@yyyole,https://x.com/yyyole,后续精选,,已做索引盘点，尚未逐条改写与内容审核；后续按差异和用途精选，不计为2.5适配内容,,
gallery,132,界面交互设计图,Brand & Logos,b477278bb2a36d4c59655eb0daa4ce48e8dbc4c4,https://github.com/wangge-dev/awesome-gpt-image-2/blob/b477278bb2a36d4c59655eb0daa4ce48e8dbc4c4/docs/gallery-part-1.md#case-132,@Colin_Leeee,https://x.com/Colin_Leeee,后续精选,,已做索引盘点，尚未逐条改写与内容审核；后续按差异和用途精选，不计为2.5适配内容,,
gallery,131,界面交互设计图,UI & Interfaces,b477278bb2a36d4c59655eb0daa4ce48e8dbc4c4,https://github.com/wangge-dev/awesome-gpt-image-2/blob/b477278bb2a36d4c59655eb0daa4ce48e8dbc4c4/docs/gallery-part-1.md#case-131,@IndieDevHailey,https://x.com/IndieDevHailey,后续精选,,已做索引盘点，尚未逐条改写与内容审核；后续按差异和用途精选，不计为2.5适配内容,,
gallery,130,界面交互设计图,Brand & Logos,b477278bb2a36d4c59655eb0daa4ce48e8dbc4c4,https://github.com/wangge-dev/awesome-gpt-image-2/blob/b477278bb2a36d4c59655eb0daa4ce48e8dbc4c4/docs/gallery-part-1.md#case-130,@chi_vc_,https://x.com/chi_vc_,后续精选,,已做索引盘点，尚未逐条改写与内容审核；后续按差异和用途精选，不计为2.5适配内容,,
gallery,129,绘画艺术风格图,Illustration & Art,b477278bb2a36d4c59655eb0daa4ce48e8dbc4c4,https://github.com/wangge-dev/awesome-gpt-image-2/blob/b477278bb2a36d4c59655eb0daa4ce48e8dbc4c4/docs/gallery-part-1.md#case-129,@TlanoVRC,https://x.com/TlanoVRC,后续精选,,已做索引盘点，尚未逐条改写与内容审核；后续按差异和用途精选，不计为2.5适配内容,,
gallery,128,建筑空间场景渲染,Posters & Typography,b477278bb2a36d4c59655eb0daa4ce48e8dbc4c4,https://github.com/wangge-dev/awesome-gpt-image-2/blob/b477278bb2a36d4c59655eb0daa4ce48e8dbc4c4/docs/gallery-part-1.md#case-128,@masapark95,https://x.com/masapark95,后续精选,,已做索引盘点，尚未逐条改写与内容审核；后续按差异和用途精选，不计为2.5适配内容,,
gallery,127,建筑空间场景图,Illustration & Art,b477278bb2a36d4c59655eb0daa4ce48e8dbc4c4,https://github.com/wangge-dev/awesome-gpt-image-2/blob/b477278bb2a36d4c59655eb0daa4ce48e8dbc4c4/docs/gallery-part-1.md#case-127,@studiomasakaki,https://x.com/studiomasakaki,后续精选,,已做索引盘点，尚未逐条改写与内容审核；后续按差异和用途精选，不计为2.5适配内容,,
gallery,126,插画艺术风格创作,Posters & Typography,b477278bb2a36d4c59655eb0daa4ce48e8dbc4c4,https://github.com/wangge-dev/awesome-gpt-image-2/blob/b477278bb2a36d4c59655eb0daa4ce48e8dbc4c4/docs/gallery-part-1.md#case-126,@taira_renta,https://x.com/taira_renta,后续精选,,已做索引盘点，尚未逐条改写与内容审核；后续按差异和用途精选，不计为2.5适配内容,,
gallery,125,电商商品展示设计,Illustration & Art,b477278bb2a36d4c59655eb0daa4ce48e8dbc4c4,https://github.com/wangge-dev/awesome-gpt-image-2/blob/b477278bb2a36d4c59655eb0daa4ce48e8dbc4c4/docs/gallery-part-1.md#case-125,@Gc_qube,https://x.com/Gc_qube,后续精选,,已做索引盘点，尚未逐条改写与内容审核；后续按差异和用途精选，不计为2.5适配内容,,
gallery,124,主题海报版式设计,Posters & Typography,b477278bb2a36d4c59655eb0daa4ce48e8dbc4c4,https://github.com/wangge-dev/awesome-gpt-image-2/blob/b477278bb2a36d4c59655eb0daa4ce48e8dbc4c4/docs/gallery-part-1.md#case-124,@koshian_to,https://x.com/koshian_to,后续精选,,已做索引盘点，尚未逐条改写与内容审核；后续按差异和用途精选，不计为2.5适配内容,,
gallery,123,插画艺术创作图,Characters & People,b477278bb2a36d4c59655eb0daa4ce48e8dbc4c4,https://github.com/wangge-dev/awesome-gpt-image-2/blob/b477278bb2a36d4c59655eb0daa4ce48e8dbc4c4/docs/gallery-part-1.md#case-123,@Luvune,https://x.com/Luvune,后续精选,,已做索引盘点，尚未逐条改写与内容审核；后续按差异和用途精选，不计为2.5适配内容,,
gallery,122,主题海报版式设计,Posters & Typography,b477278bb2a36d4c59655eb0daa4ce48e8dbc4c4,https://github.com/wangge-dev/awesome-gpt-image-2/blob/b477278bb2a36d4c59655eb0daa4ce48e8dbc4c4/docs/gallery-part-1.md#case-122,@pcneko_lab,https://x.com/pcneko_lab,后续精选,,已做索引盘点，尚未逐条改写与内容审核；后续按差异和用途精选，不计为2.5适配内容,,
gallery,121,建筑空间场景图,Illustration & Art,b477278bb2a36d4c59655eb0daa4ce48e8dbc4c4,https://github.com/wangge-dev/awesome-gpt-image-2/blob/b477278bb2a36d4c59655eb0daa4ce48e8dbc4c4/docs/gallery-part-1.md#case-121,@loilokoji,https://x.com/loilokoji,后续精选,,已做索引盘点，尚未逐条改写与内容审核；后续按差异和用途精选，不计为2.5适配内容,,
gallery,120,建筑空间场景图,Illustration & Art,b477278bb2a36d4c59655eb0daa4ce48e8dbc4c4,https://github.com/wangge-dev/awesome-gpt-image-2/blob/b477278bb2a36d4c59655eb0daa4ce48e8dbc4c4/docs/gallery-part-1.md#case-120,@UNIBRACITY,https://x.com/UNIBRACITY,后续精选,,已做索引盘点，尚未逐条改写与内容审核；后续按差异和用途精选，不计为2.5适配内容,,
gallery,119,主题海报版式设计,Documents & Publishing,b477278bb2a36d4c59655eb0daa4ce48e8dbc4c4,https://github.com/wangge-dev/awesome-gpt-image-2/blob/b477278bb2a36d4c59655eb0daa4ce48e8dbc4c4/docs/gallery-part-1.md#case-119,@old_pgmrs_will,https://x.com/old_pgmrs_will,后续精选,,已做索引盘点，尚未逐条改写与内容审核；后续按差异和用途精选，不计为2.5适配内容,,
gallery,118,漫画分镜叙事设计,Illustration & Art,b477278bb2a36d4c59655eb0daa4ce48e8dbc4c4,https://github.com/wangge-dev/awesome-gpt-image-2/blob/b477278bb2a36d4c59655eb0daa4ce48e8dbc4c4/docs/gallery-part-1.md#case-118,@nicdunz,https://x.com/nicdunz,后续精选,,已做索引盘点，尚未逐条改写与内容审核；后续按差异和用途精选，不计为2.5适配内容,,
gallery,117,主题海报版式设计,Illustration & Art,b477278bb2a36d4c59655eb0daa4ce48e8dbc4c4,https://github.com/wangge-dev/awesome-gpt-image-2/blob/b477278bb2a36d4c59655eb0daa4ce48e8dbc4c4/docs/gallery-part-1.md#case-117,@nicdunz,https://x.com/nicdunz,后续精选,,已做索引盘点，尚未逐条改写与内容审核；后续按差异和用途精选，不计为2.5适配内容,,
gallery,116,主题海报版式设计,Illustration & Art,b477278bb2a36d4c59655eb0daa4ce48e8dbc4c4,https://github.com/wangge-dev/awesome-gpt-image-2/blob/b477278bb2a36d4c59655eb0daa4ce48e8dbc4c4/docs/gallery-part-1.md#case-116,@gamemangaanime,https://x.com/gamemangaanime,后续精选,,已做索引盘点，尚未逐条改写与内容审核；后续按差异和用途精选，不计为2.5适配内容,,
gallery,115,品牌视觉识别图,Illustration & Art,b477278bb2a36d4c59655eb0daa4ce48e8dbc4c4,https://github.com/wangge-dev/awesome-gpt-image-2/blob/b477278bb2a36d4c59655eb0daa4ce48e8dbc4c4/docs/gallery-part-1.md#case-115,@onofumi_AI,https://x.com/onofumi_AI,后续精选,,已做索引盘点，尚未逐条改写与内容审核；后续按差异和用途精选，不计为2.5适配内容,,
gallery,114,插画艺术创作图,Illustration & Art,b477278bb2a36d4c59655eb0daa4ce48e8dbc4c4,https://github.com/wangge-dev/awesome-gpt-image-2/blob/b477278bb2a36d4c59655eb0daa4ce48e8dbc4c4/docs/gallery-part-1.md#case-114,@kaikaitheaiguy,https://x.com/kaikaitheaiguy,后续精选,,已做索引盘点，尚未逐条改写与内容审核；后续按差异和用途精选，不计为2.5适配内容,,
gallery,113,动漫插画创作图,Illustration & Art,b477278bb2a36d4c59655eb0daa4ce48e8dbc4c4,https://github.com/wangge-dev/awesome-gpt-image-2/blob/b477278bb2a36d4c59655eb0daa4ce48e8dbc4c4/docs/gallery-part-1.md#case-113,@REd8358,https://x.com/REd8358,后续精选,,已做索引盘点，尚未逐条改写与内容审核；后续按差异和用途精选，不计为2.5适配内容,,
gallery,112,信息图可视化设计,Illustration & Art,b477278bb2a36d4c59655eb0daa4ce48e8dbc4c4,https://github.com/wangge-dev/awesome-gpt-image-2/blob/b477278bb2a36d4c59655eb0daa4ce48e8dbc4c4/docs/gallery-part-1.md#case-112,@songguoxiansen,https://x.com/songguoxiansen,后续精选,,已做索引盘点，尚未逐条改写与内容审核；后续按差异和用途精选，不计为2.5适配内容,,
gallery,111,视频封面界面图,UI & Interfaces,b477278bb2a36d4c59655eb0daa4ce48e8dbc4c4,https://github.com/wangge-dev/awesome-gpt-image-2/blob/b477278bb2a36d4c59655eb0daa4ce48e8dbc4c4/docs/gallery-part-1.md#case-111,@mirochill,https://x.com/mirochill,后续精选,,已做索引盘点，尚未逐条改写与内容审核；后续按差异和用途精选，不计为2.5适配内容,,
gallery,110,视频封面界面图,UI & Interfaces,b477278bb2a36d4c59655eb0daa4ce48e8dbc4c4,https://github.com/wangge-dev/awesome-gpt-image-2/blob/b477278bb2a36d4c59655eb0daa4ce48e8dbc4c4/docs/gallery-part-1.md#case-110,@TlanoAI,https://x.com/TlanoAI,后续精选,,已做索引盘点，尚未逐条改写与内容审核；后续按差异和用途精选，不计为2.5适配内容,,
gallery,109,综合应用场景图,UI & Interfaces,b477278bb2a36d4c59655eb0daa4ce48e8dbc4c4,https://github.com/wangge-dev/awesome-gpt-image-2/blob/b477278bb2a36d4c59655eb0daa4ce48e8dbc4c4/docs/gallery-part-1.md#case-109,@underwoodxie96,https://x.com/underwoodxie96,后续精选,,已做索引盘点，尚未逐条改写与内容审核；后续按差异和用途精选，不计为2.5适配内容,,
gallery,108,综合应用场景图,UI & Interfaces,b477278bb2a36d4c59655eb0daa4ce48e8dbc4c4,https://github.com/wangge-dev/awesome-gpt-image-2/blob/b477278bb2a36d4c59655eb0daa4ce48e8dbc4c4/docs/gallery-part-1.md#case-108,@underwoodxie96,https://x.com/underwoodxie96,后续精选,,已做索引盘点，尚未逐条改写与内容审核；后续按差异和用途精选，不计为2.5适配内容,,
gallery,107,应用界面样机图,UI & Interfaces,b477278bb2a36d4c59655eb0daa4ce48e8dbc4c4,https://github.com/wangge-dev/awesome-gpt-image-2/blob/b477278bb2a36d4c59655eb0daa4ce48e8dbc4c4/docs/gallery-part-1.md#case-107,@tehno_maniak,https://x.com/tehno_maniak,后续精选,,已做索引盘点，尚未逐条改写与内容审核；后续按差异和用途精选，不计为2.5适配内容,,
gallery,106,应用界面样机图,Other Use Cases,b477278bb2a36d4c59655eb0daa4ce48e8dbc4c4,https://github.com/wangge-dev/awesome-gpt-image-2/blob/b477278bb2a36d4c59655eb0daa4ce48e8dbc4c4/docs/gallery-part-1.md#case-106,@abdiisan,https://x.com/abdiisan,后续精选,,已做索引盘点，尚未逐条改写与内容审核；后续按差异和用途精选，不计为2.5适配内容,,
gallery,105,动漫插画创作图,Posters & Typography,b477278bb2a36d4c59655eb0daa4ce48e8dbc4c4,https://github.com/wangge-dev/awesome-gpt-image-2/blob/b477278bb2a36d4c59655eb0daa4ce48e8dbc4c4/docs/gallery-part-1.md#case-105,@Yuupapa_free,https://x.com/Yuupapa_free,后续精选,,已做索引盘点，尚未逐条改写与内容审核；后续按差异和用途精选，不计为2.5适配内容,,
gallery,104,界面交互设计图,UI & Interfaces,b477278bb2a36d4c59655eb0daa4ce48e8dbc4c4,https://github.com/wangge-dev/awesome-gpt-image-2/blob/b477278bb2a36d4c59655eb0daa4ce48e8dbc4c4/docs/gallery-part-1.md#case-104,@marouane53,https://x.com/marouane53,后续精选,,已做索引盘点，尚未逐条改写与内容审核；后续按差异和用途精选，不计为2.5适配内容,,
gallery,103,视频封面界面图,UI & Interfaces,b477278bb2a36d4c59655eb0daa4ce48e8dbc4c4,https://github.com/wangge-dev/awesome-gpt-image-2/blob/b477278bb2a36d4c59655eb0daa4ce48e8dbc4c4/docs/gallery-part-1.md#case-103,@bowowwoaaa2,https://x.com/bowowwoaaa2,后续精选,,已做索引盘点，尚未逐条改写与内容审核；后续按差异和用途精选，不计为2.5适配内容,,
gallery,102,信息图可视化设计,Charts & Infographics,b477278bb2a36d4c59655eb0daa4ce48e8dbc4c4,https://github.com/wangge-dev/awesome-gpt-image-2/blob/b477278bb2a36d4c59655eb0daa4ce48e8dbc4c4/docs/gallery-part-1.md#case-102,@maxescu,https://x.com/maxescu,后续精选,,已做索引盘点，尚未逐条改写与内容审核；后续按差异和用途精选，不计为2.5适配内容,,
gallery,101,界面交互设计图,Posters & Typography,b477278bb2a36d4c59655eb0daa4ce48e8dbc4c4,https://github.com/wangge-dev/awesome-gpt-image-2/blob/b477278bb2a36d4c59655eb0daa4ce48e8dbc4c4/docs/gallery-part-1.md#case-101,@naga_zyashin,https://x.com/naga_zyashin,后续精选,,已做索引盘点，尚未逐条改写与内容审核；后续按差异和用途精选，不计为2.5适配内容,,
gallery,100,主题海报版式设计,Posters & Typography,b477278bb2a36d4c59655eb0daa4ce48e8dbc4c4,https://github.com/wangge-dev/awesome-gpt-image-2/blob/b477278bb2a36d4c59655eb0daa4ce48e8dbc4c4/docs/gallery-part-1.md#case-100,@naga_zyashin,https://x.com/naga_zyashin,后续精选,,已做索引盘点，尚未逐条改写与内容审核；后续按差异和用途精选，不计为2.5适配内容,,
gallery,99,界面交互设计图,Posters & Typography,b477278bb2a36d4c59655eb0daa4ce48e8dbc4c4,https://github.com/wangge-dev/awesome-gpt-image-2/blob/b477278bb2a36d4c59655eb0daa4ce48e8dbc4c4/docs/gallery-part-1.md#case-99,@naga_zyashin,https://x.com/naga_zyashin,后续精选,,已做索引盘点，尚未逐条改写与内容审核；后续按差异和用途精选，不计为2.5适配内容,,
gallery,98,主题海报版式设计,Posters & Typography,b477278bb2a36d4c59655eb0daa4ce48e8dbc4c4,https://github.com/wangge-dev/awesome-gpt-image-2/blob/b477278bb2a36d4c59655eb0daa4ce48e8dbc4c4/docs/gallery-part-1.md#case-98,@wtry1102,https://x.com/wtry1102,后续精选,,已做索引盘点，尚未逐条改写与内容审核；后续按差异和用途精选，不计为2.5适配内容,,
gallery,97,综合应用场景图,Posters & Typography,b477278bb2a36d4c59655eb0daa4ce48e8dbc4c4,https://github.com/wangge-dev/awesome-gpt-image-2/blob/b477278bb2a36d4c59655eb0daa4ce48e8dbc4c4/docs/gallery-part-1.md#case-97,@kawai_design,https://x.com/kawai_design,后续精选,,已做索引盘点，尚未逐条改写与内容审核；后续按差异和用途精选，不计为2.5适配内容,,
gallery,96,主题海报版式设计,UI & Interfaces,b477278bb2a36d4c59655eb0daa4ce48e8dbc4c4,https://github.com/wangge-dev/awesome-gpt-image-2/blob/b477278bb2a36d4c59655eb0daa4ce48e8dbc4c4/docs/gallery-part-1.md#case-96,@sayaka_aiart,https://x.com/sayaka_aiart,后续精选,,已做索引盘点，尚未逐条改写与内容审核；后续按差异和用途精选，不计为2.5适配内容,,
gallery,95,品牌视觉识别图,UI & Interfaces,b477278bb2a36d4c59655eb0daa4ce48e8dbc4c4,https://github.com/wangge-dev/awesome-gpt-image-2/blob/b477278bb2a36d4c59655eb0daa4ce48e8dbc4c4/docs/gallery-part-1.md#case-95,@sayaka_aiart,https://x.com/sayaka_aiart,后续精选,,已做索引盘点，尚未逐条改写与内容审核；后续按差异和用途精选，不计为2.5适配内容,,
gallery,94,绘画艺术风格图,UI & Interfaces,b477278bb2a36d4c59655eb0daa4ce48e8dbc4c4,https://github.com/wangge-dev/awesome-gpt-image-2/blob/b477278bb2a36d4c59655eb0daa4ce48e8dbc4c4/docs/gallery-part-1.md#case-94,@sayaka_aiart,https://x.com/sayaka_aiart,后续精选,,已做索引盘点，尚未逐条改写与内容审核；后续按差异和用途精选，不计为2.5适配内容,,
gallery,93,插画艺术风格创作,UI & Interfaces,b477278bb2a36d4c59655eb0daa4ce48e8dbc4c4,https://github.com/wangge-dev/awesome-gpt-image-2/blob/b477278bb2a36d4c59655eb0daa4ce48e8dbc4c4/docs/gallery-part-1.md#case-93,@sayaka_aiart,https://x.com/sayaka_aiart,后续精选,,已做索引盘点，尚未逐条改写与内容审核；后续按差异和用途精选，不计为2.5适配内容,,
gallery,92,视频封面界面图,UI & Interfaces,b477278bb2a36d4c59655eb0daa4ce48e8dbc4c4,https://github.com/wangge-dev/awesome-gpt-image-2/blob/b477278bb2a36d4c59655eb0daa4ce48e8dbc4c4/docs/gallery-part-1.md#case-92,@Yuupapa_free,https://x.com/Yuupapa_free,后续精选,,已做索引盘点，尚未逐条改写与内容审核；后续按差异和用途精选，不计为2.5适配内容,,
gallery,91,游戏界面截图,UI & Interfaces,b477278bb2a36d4c59655eb0daa4ce48e8dbc4c4,https://github.com/wangge-dev/awesome-gpt-image-2/blob/b477278bb2a36d4c59655eb0daa4ce48e8dbc4c4/docs/gallery-part-1.md#case-91,@wolfaidev,https://x.com/wolfaidev,后续精选,,已做索引盘点，尚未逐条改写与内容审核；后续按差异和用途精选，不计为2.5适配内容,,
gallery,90,信息图可视化设计,UI & Interfaces,b477278bb2a36d4c59655eb0daa4ce48e8dbc4c4,https://github.com/wangge-dev/awesome-gpt-image-2/blob/b477278bb2a36d4c59655eb0daa4ce48e8dbc4c4/docs/gallery-part-1.md#case-90,@A9Quant,https://x.com/A9Quant,后续精选,,已做索引盘点，尚未逐条改写与内容审核；后续按差异和用途精选，不计为2.5适配内容,,
gallery,89,信息图可视化设计,Charts & Infographics,b477278bb2a36d4c59655eb0daa4ce48e8dbc4c4,https://github.com/wangge-dev/awesome-gpt-image-2/blob/b477278bb2a36d4c59655eb0daa4ce48e8dbc4c4/docs/gallery-part-1.md#case-89,@A9Quant,https://x.com/A9Quant,后续精选,,已做索引盘点，尚未逐条改写与内容审核；后续按差异和用途精选，不计为2.5适配内容,,
gallery,88,信息图可视化设计,Posters & Typography,b477278bb2a36d4c59655eb0daa4ce48e8dbc4c4,https://github.com/wangge-dev/awesome-gpt-image-2/blob/b477278bb2a36d4c59655eb0daa4ce48e8dbc4c4/docs/gallery-part-1.md#case-88,@A9Quant,https://x.com/A9Quant,后续精选,,已做索引盘点，尚未逐条改写与内容审核；后续按差异和用途精选，不计为2.5适配内容,,
gallery,87,关系图谱信息图,Charts & Infographics,b477278bb2a36d4c59655eb0daa4ce48e8dbc4c4,https://github.com/wangge-dev/awesome-gpt-image-2/blob/b477278bb2a36d4c59655eb0daa4ce48e8dbc4c4/docs/gallery-part-1.md#case-87,@MrLarus,https://x.com/MrLarus,后续精选,,已做索引盘点，尚未逐条改写与内容审核；后续按差异和用途精选，不计为2.5适配内容,,
gallery,86,关系图谱信息图,Charts & Infographics,b477278bb2a36d4c59655eb0daa4ce48e8dbc4c4,https://github.com/wangge-dev/awesome-gpt-image-2/blob/b477278bb2a36d4c59655eb0daa4ce48e8dbc4c4/docs/gallery-part-1.md#case-86,@MrLarus,https://x.com/MrLarus,后续精选,,已做索引盘点，尚未逐条改写与内容审核；后续按差异和用途精选，不计为2.5适配内容,,
gallery,85,关系图谱信息图,Charts & Infographics,b477278bb2a36d4c59655eb0daa4ce48e8dbc4c4,https://github.com/wangge-dev/awesome-gpt-image-2/blob/b477278bb2a36d4c59655eb0daa4ce48e8dbc4c4/docs/gallery-part-1.md#case-85,@MrLarus,https://x.com/MrLarus,后续精选,,已做索引盘点，尚未逐条改写与内容审核；后续按差异和用途精选，不计为2.5适配内容,,
gallery,84,关系图谱信息图,Charts & Infographics,b477278bb2a36d4c59655eb0daa4ce48e8dbc4c4,https://github.com/wangge-dev/awesome-gpt-image-2/blob/b477278bb2a36d4c59655eb0daa4ce48e8dbc4c4/docs/gallery-part-1.md#case-84,@MrLarus,https://x.com/MrLarus,后续精选,,已做索引盘点，尚未逐条改写与内容审核；后续按差异和用途精选，不计为2.5适配内容,,
gallery,83,信息图可视化设计,Posters & Typography,b477278bb2a36d4c59655eb0daa4ce48e8dbc4c4,https://github.com/wangge-dev/awesome-gpt-image-2/blob/b477278bb2a36d4c59655eb0daa4ce48e8dbc4c4/docs/gallery-part-1.md#case-83,@NumeroBTC,https://x.com/NumeroBTC,后续精选,,已做索引盘点，尚未逐条改写与内容审核；后续按差异和用途精选，不计为2.5适配内容,,
gallery,82,信息图可视化设计,UI & Interfaces,b477278bb2a36d4c59655eb0daa4ce48e8dbc4c4,https://github.com/wangge-dev/awesome-gpt-image-2/blob/b477278bb2a36d4c59655eb0daa4ce48e8dbc4c4/docs/gallery-part-1.md#case-82,@HumanOS_v2,https://x.com/HumanOS_v2,后续精选,,已做索引盘点，尚未逐条改写与内容审核；后续按差异和用途精选，不计为2.5适配内容,,
gallery,81,写实摄影风格图,Other Use Cases,b477278bb2a36d4c59655eb0daa4ce48e8dbc4c4,https://github.com/wangge-dev/awesome-gpt-image-2/blob/b477278bb2a36d4c59655eb0daa4ce48e8dbc4c4/docs/gallery-part-1.md#case-81,@HumanOS_v2,https://x.com/HumanOS_v2,后续精选,,已做索引盘点，尚未逐条改写与内容审核；后续按差异和用途精选，不计为2.5适配内容,,
gallery,80,图像生成案例图,Other Use Cases,b477278bb2a36d4c59655eb0daa4ce48e8dbc4c4,https://github.com/wangge-dev/awesome-gpt-image-2/blob/b477278bb2a36d4c59655eb0daa4ce48e8dbc4c4/docs/gallery-part-1.md#case-80,@WOZ1Tx2JZ3kCeBj,https://x.com/WOZ1Tx2JZ3kCeBj,后续精选,,已做索引盘点，尚未逐条改写与内容审核；后续按差异和用途精选，不计为2.5适配内容,,
gallery,79,图像生成案例图,Other Use Cases,b477278bb2a36d4c59655eb0daa4ce48e8dbc4c4,https://github.com/wangge-dev/awesome-gpt-image-2/blob/b477278bb2a36d4c59655eb0daa4ce48e8dbc4c4/docs/gallery-part-1.md#case-79,@WOZ1Tx2JZ3kCeBj,https://x.com/WOZ1Tx2JZ3kCeBj,后续精选,,已做索引盘点，尚未逐条改写与内容审核；后续按差异和用途精选，不计为2.5适配内容,,
gallery,78,图像生成案例图,Other Use Cases,b477278bb2a36d4c59655eb0daa4ce48e8dbc4c4,https://github.com/wangge-dev/awesome-gpt-image-2/blob/b477278bb2a36d4c59655eb0daa4ce48e8dbc4c4/docs/gallery-part-1.md#case-78,@WOZ1Tx2JZ3kCeBj,https://x.com/WOZ1Tx2JZ3kCeBj,后续精选,,已做索引盘点，尚未逐条改写与内容审核；后续按差异和用途精选，不计为2.5适配内容,,
gallery,77,关系图谱信息图,Charts & Infographics,b477278bb2a36d4c59655eb0daa4ce48e8dbc4c4,https://github.com/wangge-dev/awesome-gpt-image-2/blob/b477278bb2a36d4c59655eb0daa4ce48e8dbc4c4/docs/gallery-part-1.md#case-77,@alanlovelq,https://x.com/alanlovelq,后续精选,,已做索引盘点，尚未逐条改写与内容审核；后续按差异和用途精选，不计为2.5适配内容,,
gallery,76,关系图谱信息图,Charts & Infographics,b477278bb2a36d4c59655eb0daa4ce48e8dbc4c4,https://github.com/wangge-dev/awesome-gpt-image-2/blob/b477278bb2a36d4c59655eb0daa4ce48e8dbc4c4/docs/gallery-part-1.md#case-76,@alanlovelq,https://x.com/alanlovelq,后续精选,,已做索引盘点，尚未逐条改写与内容审核；后续按差异和用途精选，不计为2.5适配内容,,
gallery,75,关系图谱信息图,Charts & Infographics,b477278bb2a36d4c59655eb0daa4ce48e8dbc4c4,https://github.com/wangge-dev/awesome-gpt-image-2/blob/b477278bb2a36d4c59655eb0daa4ce48e8dbc4c4/docs/gallery-part-1.md#case-75,@alanlovelq,https://x.com/alanlovelq,后续精选,,已做索引盘点，尚未逐条改写与内容审核；后续按差异和用途精选，不计为2.5适配内容,,
gallery,74,关系图谱信息图,Charts & Infographics,b477278bb2a36d4c59655eb0daa4ce48e8dbc4c4,https://github.com/wangge-dev/awesome-gpt-image-2/blob/b477278bb2a36d4c59655eb0daa4ce48e8dbc4c4/docs/gallery-part-1.md#case-74,@alanlovelq,https://x.com/alanlovelq,后续精选,,已做索引盘点，尚未逐条改写与内容审核；后续按差异和用途精选，不计为2.5适配内容,,
gallery,73,信息图可视化设计,Charts & Infographics,b477278bb2a36d4c59655eb0daa4ce48e8dbc4c4,https://github.com/wangge-dev/awesome-gpt-image-2/blob/b477278bb2a36d4c59655eb0daa4ce48e8dbc4c4/docs/gallery-part-1.md#case-73,@hx831126,https://x.com/hx831126,后续精选,,已做索引盘点，尚未逐条改写与内容审核；后续按差异和用途精选，不计为2.5适配内容,,
gallery,72,信息图可视化设计,Charts & Infographics,b477278bb2a36d4c59655eb0daa4ce48e8dbc4c4,https://github.com/wangge-dev/awesome-gpt-image-2/blob/b477278bb2a36d4c59655eb0daa4ce48e8dbc4c4/docs/gallery-part-1.md#case-72,@hx831126,https://x.com/hx831126,后续精选,,已做索引盘点，尚未逐条改写与内容审核；后续按差异和用途精选，不计为2.5适配内容,,
gallery,71,关系图谱信息图,Charts & Infographics,b477278bb2a36d4c59655eb0daa4ce48e8dbc4c4,https://github.com/wangge-dev/awesome-gpt-image-2/blob/b477278bb2a36d4c59655eb0daa4ce48e8dbc4c4/docs/gallery-part-1.md#case-71,@hx831126,https://x.com/hx831126,后续精选,,已做索引盘点，尚未逐条改写与内容审核；后续按差异和用途精选，不计为2.5适配内容,,
gallery,70,信息图可视化设计,Charts & Infographics,b477278bb2a36d4c59655eb0daa4ce48e8dbc4c4,https://github.com/wangge-dev/awesome-gpt-image-2/blob/b477278bb2a36d4c59655eb0daa4ce48e8dbc4c4/docs/gallery-part-1.md#case-70,@hx831126,https://x.com/hx831126,后续精选,,已做索引盘点，尚未逐条改写与内容审核；后续按差异和用途精选，不计为2.5适配内容,,
gallery,69,信息图可视化设计,Charts & Infographics,b477278bb2a36d4c59655eb0daa4ce48e8dbc4c4,https://github.com/wangge-dev/awesome-gpt-image-2/blob/b477278bb2a36d4c59655eb0daa4ce48e8dbc4c4/docs/gallery-part-1.md#case-69,@hx831126,https://x.com/hx831126,后续精选,,已做索引盘点，尚未逐条改写与内容审核；后续按差异和用途精选，不计为2.5适配内容,,
gallery,68,信息图可视化设计,Charts & Infographics,b477278bb2a36d4c59655eb0daa4ce48e8dbc4c4,https://github.com/wangge-dev/awesome-gpt-image-2/blob/b477278bb2a36d4c59655eb0daa4ce48e8dbc4c4/docs/gallery-part-1.md#case-68,@hx831126,https://x.com/hx831126,后续精选,,已做索引盘点，尚未逐条改写与内容审核；后续按差异和用途精选，不计为2.5适配内容,,
gallery,67,信息图可视化设计,Charts & Infographics,b477278bb2a36d4c59655eb0daa4ce48e8dbc4c4,https://github.com/wangge-dev/awesome-gpt-image-2/blob/b477278bb2a36d4c59655eb0daa4ce48e8dbc4c4/docs/gallery-part-1.md#case-67,@hx831126,https://x.com/hx831126,后续精选,,已做索引盘点，尚未逐条改写与内容审核；后续按差异和用途精选，不计为2.5适配内容,,
gallery,66,信息图可视化设计,Charts & Infographics,b477278bb2a36d4c59655eb0daa4ce48e8dbc4c4,https://github.com/wangge-dev/awesome-gpt-image-2/blob/b477278bb2a36d4c59655eb0daa4ce48e8dbc4c4/docs/gallery-part-1.md#case-66,@hx831126,https://x.com/hx831126,后续精选,,已做索引盘点，尚未逐条改写与内容审核；后续按差异和用途精选，不计为2.5适配内容,,
gallery,65,信息图可视化设计,Charts & Infographics,b477278bb2a36d4c59655eb0daa4ce48e8dbc4c4,https://github.com/wangge-dev/awesome-gpt-image-2/blob/b477278bb2a36d4c59655eb0daa4ce48e8dbc4c4/docs/gallery-part-1.md#case-65,@GeekCatX,https://x.com/GeekCatX,后续精选,,已做索引盘点，尚未逐条改写与内容审核；后续按差异和用途精选，不计为2.5适配内容,,
gallery,64,信息图可视化设计,Charts & Infographics,b477278bb2a36d4c59655eb0daa4ce48e8dbc4c4,https://github.com/wangge-dev/awesome-gpt-image-2/blob/b477278bb2a36d4c59655eb0daa4ce48e8dbc4c4/docs/gallery-part-1.md#case-64,@j_zou93,https://x.com/j_zou93,后续精选,,已做索引盘点，尚未逐条改写与内容审核；后续按差异和用途精选，不计为2.5适配内容,,
gallery,63,主题海报版式设计,Posters & Typography,b477278bb2a36d4c59655eb0daa4ce48e8dbc4c4,https://github.com/wangge-dev/awesome-gpt-image-2/blob/b477278bb2a36d4c59655eb0daa4ce48e8dbc4c4/docs/gallery-part-1.md#case-63,@masapark95,https://x.com/masapark95,后续精选,,已做索引盘点，尚未逐条改写与内容审核；后续按差异和用途精选，不计为2.5适配内容,,
gallery,62,插画艺术风格创作,Posters & Typography,b477278bb2a36d4c59655eb0daa4ce48e8dbc4c4,https://github.com/wangge-dev/awesome-gpt-image-2/blob/b477278bb2a36d4c59655eb0daa4ce48e8dbc4c4/docs/gallery-part-1.md#case-62,@masapark95,https://x.com/masapark95,后续精选,,已做索引盘点，尚未逐条改写与内容审核；后续按差异和用途精选，不计为2.5适配内容,,
gallery,61,主题海报版式设计,Posters & Typography,b477278bb2a36d4c59655eb0daa4ce48e8dbc4c4,https://github.com/wangge-dev/awesome-gpt-image-2/blob/b477278bb2a36d4c59655eb0daa4ce48e8dbc4c4/docs/gallery-part-1.md#case-61,@masapark95,https://x.com/masapark95,后续精选,,已做索引盘点，尚未逐条改写与内容审核；后续按差异和用途精选，不计为2.5适配内容,,
gallery,60,漫画分镜叙事设计,Illustration & Art,b477278bb2a36d4c59655eb0daa4ce48e8dbc4c4,https://github.com/wangge-dev/awesome-gpt-image-2/blob/b477278bb2a36d4c59655eb0daa4ce48e8dbc4c4/docs/gallery-part-1.md#case-60,@Gc_qube,https://x.com/Gc_qube,后续精选,,已做索引盘点，尚未逐条改写与内容审核；后续按差异和用途精选，不计为2.5适配内容,,
gallery,59,主题海报版式设计,Posters & Typography,b477278bb2a36d4c59655eb0daa4ce48e8dbc4c4,https://github.com/wangge-dev/awesome-gpt-image-2/blob/b477278bb2a36d4c59655eb0daa4ce48e8dbc4c4/docs/gallery-part-1.md#case-59,@X64zzotSKCGtYmt,https://x.com/X64zzotSKCGtYmt,后续精选,,已做索引盘点，尚未逐条改写与内容审核；后续按差异和用途精选，不计为2.5适配内容,,
gallery,58,主题海报版式设计,Posters & Typography,b477278bb2a36d4c59655eb0daa4ce48e8dbc4c4,https://github.com/wangge-dev/awesome-gpt-image-2/blob/b477278bb2a36d4c59655eb0daa4ce48e8dbc4c4/docs/gallery-part-1.md#case-58,@liyue_ai,https://x.com/liyue_ai,后续精选,,已做索引盘点，尚未逐条改写与内容审核；后续按差异和用途精选，不计为2.5适配内容,,
gallery,57,界面交互设计图,UI & Interfaces,b477278bb2a36d4c59655eb0daa4ce48e8dbc4c4,https://github.com/wangge-dev/awesome-gpt-image-2/blob/b477278bb2a36d4c59655eb0daa4ce48e8dbc4c4/docs/gallery-part-1.md#case-57,@liyue_ai,https://x.com/liyue_ai,后续精选,,已做索引盘点，尚未逐条改写与内容审核；后续按差异和用途精选，不计为2.5适配内容,,
gallery,56,写实摄影风格创作,Photography & Realism,b477278bb2a36d4c59655eb0daa4ce48e8dbc4c4,https://github.com/wangge-dev/awesome-gpt-image-2/blob/b477278bb2a36d4c59655eb0daa4ce48e8dbc4c4/docs/gallery-part-1.md#case-56,@danieldmai,https://x.com/danieldmai,后续精选,,已做索引盘点，尚未逐条改写与内容审核；后续按差异和用途精选，不计为2.5适配内容,,
gallery,55,信息图可视化设计,Charts & Infographics,b477278bb2a36d4c59655eb0daa4ce48e8dbc4c4,https://github.com/wangge-dev/awesome-gpt-image-2/blob/b477278bb2a36d4c59655eb0daa4ce48e8dbc4c4/docs/gallery-part-1.md#case-55,@Kurt_Rousey466,https://x.com/Kurt_Rousey466,后续精选,,已做索引盘点，尚未逐条改写与内容审核；后续按差异和用途精选，不计为2.5适配内容,,
gallery,54,人物角色设定图,Products & E-commerce,b477278bb2a36d4c59655eb0daa4ce48e8dbc4c4,https://github.com/wangge-dev/awesome-gpt-image-2/blob/b477278bb2a36d4c59655eb0daa4ce48e8dbc4c4/docs/gallery-part-1.md#case-54,@fukumy_ai,https://x.com/fukumy_ai,后续精选,,已做索引盘点，尚未逐条改写与内容审核；后续按差异和用途精选，不计为2.5适配内容,,
gallery,53,室内空间渲染图,Photography & Realism,b477278bb2a36d4c59655eb0daa4ce48e8dbc4c4,https://github.com/wangge-dev/awesome-gpt-image-2/blob/b477278bb2a36d4c59655eb0daa4ce48e8dbc4c4/docs/gallery-part-1.md#case-53,@nicdunz,https://x.com/nicdunz,后续精选,,已做索引盘点，尚未逐条改写与内容审核；后续按差异和用途精选，不计为2.5适配内容,,
gallery,52,写实摄影风格图,Illustration & Art,b477278bb2a36d4c59655eb0daa4ce48e8dbc4c4,https://github.com/wangge-dev/awesome-gpt-image-2/blob/b477278bb2a36d4c59655eb0daa4ce48e8dbc4c4/docs/gallery-part-1.md#case-52,@nicdunz,https://x.com/nicdunz,后续精选,,已做索引盘点，尚未逐条改写与内容审核；后续按差异和用途精选，不计为2.5适配内容,,
gallery,51,信息图可视化设计,Charts & Infographics,b477278bb2a36d4c59655eb0daa4ce48e8dbc4c4,https://github.com/wangge-dev/awesome-gpt-image-2/blob/b477278bb2a36d4c59655eb0daa4ce48e8dbc4c4/docs/gallery-part-1.md#case-51,@yyyole,https://x.com/yyyole,后续精选,,已做索引盘点，尚未逐条改写与内容审核；后续按差异和用途精选，不计为2.5适配内容,,
gallery,50,建筑空间场景图,Architecture & Spaces,b477278bb2a36d4c59655eb0daa4ce48e8dbc4c4,https://github.com/wangge-dev/awesome-gpt-image-2/blob/b477278bb2a36d4c59655eb0daa4ce48e8dbc4c4/docs/gallery-part-1.md#case-50,@nomen_machine,https://x.com/nomen_machine,后续精选,,已做索引盘点，尚未逐条改写与内容审核；后续按差异和用途精选，不计为2.5适配内容,,
gallery,49,直播界面设计图,UI & Interfaces,b477278bb2a36d4c59655eb0daa4ce48e8dbc4c4,https://github.com/wangge-dev/awesome-gpt-image-2/blob/b477278bb2a36d4c59655eb0daa4ce48e8dbc4c4/docs/gallery-part-1.md#case-49,@kylegeeks,https://x.com/kylegeeks,后续精选,,已做索引盘点，尚未逐条改写与内容审核；后续按差异和用途精选，不计为2.5适配内容,,
gallery,48,直播界面设计图,UI & Interfaces,b477278bb2a36d4c59655eb0daa4ce48e8dbc4c4,https://github.com/wangge-dev/awesome-gpt-image-2/blob/b477278bb2a36d4c59655eb0daa4ce48e8dbc4c4/docs/gallery-part-1.md#case-48,@kylegeeks,https://x.com/kylegeeks,后续精选,,已做索引盘点，尚未逐条改写与内容审核；后续按差异和用途精选，不计为2.5适配内容,,
gallery,47,建筑空间场景图,Products & E-commerce,b477278bb2a36d4c59655eb0daa4ce48e8dbc4c4,https://github.com/wangge-dev/awesome-gpt-image-2/blob/b477278bb2a36d4c59655eb0daa4ce48e8dbc4c4/docs/gallery-part-1.md#case-47,@makaneko_AI,https://x.com/makaneko_AI,后续精选,,已做索引盘点，尚未逐条改写与内容审核；后续按差异和用途精选，不计为2.5适配内容,,
gallery,46,建筑空间场景图,Photography & Realism,b477278bb2a36d4c59655eb0daa4ce48e8dbc4c4,https://github.com/wangge-dev/awesome-gpt-image-2/blob/b477278bb2a36d4c59655eb0daa4ce48e8dbc4c4/docs/gallery-part-1.md#case-46,@lakeside529,https://x.com/lakeside529,后续精选,,已做索引盘点，尚未逐条改写与内容审核；后续按差异和用途精选，不计为2.5适配内容,,
gallery,45,人像写实摄影图,Photography & Realism,b477278bb2a36d4c59655eb0daa4ce48e8dbc4c4,https://github.com/wangge-dev/awesome-gpt-image-2/blob/b477278bb2a36d4c59655eb0daa4ce48e8dbc4c4/docs/gallery-part-1.md#case-45,@AoYe999,https://x.com/AoYe999,后续精选,,已做索引盘点，尚未逐条改写与内容审核；后续按差异和用途精选，不计为2.5适配内容,,
gallery,44,古风历史题材图,History & Classical Themes,b477278bb2a36d4c59655eb0daa4ce48e8dbc4c4,https://github.com/wangge-dev/awesome-gpt-image-2/blob/b477278bb2a36d4c59655eb0daa4ce48e8dbc4c4/docs/gallery-part-1.md#case-44,@liyue_ai,https://x.com/liyue_ai,后续精选,,已做索引盘点，尚未逐条改写与内容审核；后续按差异和用途精选，不计为2.5适配内容,,
gallery,43,插画艺术创作图,Illustration & Art,b477278bb2a36d4c59655eb0daa4ce48e8dbc4c4,https://github.com/wangge-dev/awesome-gpt-image-2/blob/b477278bb2a36d4c59655eb0daa4ce48e8dbc4c4/docs/gallery-part-1.md#case-43,@stark_nico99,https://x.com/stark_nico99,后续精选,,已做索引盘点，尚未逐条改写与内容审核；后续按差异和用途精选，不计为2.5适配内容,,
gallery,42,写实摄影风格图,UI & Interfaces,b477278bb2a36d4c59655eb0daa4ce48e8dbc4c4,https://github.com/wangge-dev/awesome-gpt-image-2/blob/b477278bb2a36d4c59655eb0daa4ce48e8dbc4c4/docs/gallery-part-1.md#case-42,@blanplan,https://x.com/blanplan,后续精选,,已做索引盘点，尚未逐条改写与内容审核；后续按差异和用途精选，不计为2.5适配内容,,
gallery,41,插画艺术风格创作,Characters & People,b477278bb2a36d4c59655eb0daa4ce48e8dbc4c4,https://github.com/wangge-dev/awesome-gpt-image-2/blob/b477278bb2a36d4c59655eb0daa4ce48e8dbc4c4/docs/gallery-part-1.md#case-41,@wtry1102,https://x.com/wtry1102,后续精选,,已做索引盘点，尚未逐条改写与内容审核；后续按差异和用途精选，不计为2.5适配内容,,
gallery,40,综合应用场景图,Illustration & Art,b477278bb2a36d4c59655eb0daa4ce48e8dbc4c4,https://github.com/wangge-dev/awesome-gpt-image-2/blob/b477278bb2a36d4c59655eb0daa4ce48e8dbc4c4/docs/gallery-part-1.md#case-40,@midori_tatsuta,https://x.com/midori_tatsuta,后续精选,,已做索引盘点，尚未逐条改写与内容审核；后续按差异和用途精选，不计为2.5适配内容,,
gallery,39,综合应用场景图,Illustration & Art,b477278bb2a36d4c59655eb0daa4ce48e8dbc4c4,https://github.com/wangge-dev/awesome-gpt-image-2/blob/b477278bb2a36d4c59655eb0daa4ce48e8dbc4c4/docs/gallery-part-1.md#case-39,@midori_tatsuta,https://x.com/midori_tatsuta,后续精选,,已做索引盘点，尚未逐条改写与内容审核；后续按差异和用途精选，不计为2.5适配内容,,
gallery,38,综合应用场景图,Illustration & Art,b477278bb2a36d4c59655eb0daa4ce48e8dbc4c4,https://github.com/wangge-dev/awesome-gpt-image-2/blob/b477278bb2a36d4c59655eb0daa4ce48e8dbc4c4/docs/gallery-part-1.md#case-38,@midori_tatsuta,https://x.com/midori_tatsuta,后续精选,,已做索引盘点，尚未逐条改写与内容审核；后续按差异和用途精选，不计为2.5适配内容,,
gallery,37,综合应用场景图,Illustration & Art,b477278bb2a36d4c59655eb0daa4ce48e8dbc4c4,https://github.com/wangge-dev/awesome-gpt-image-2/blob/b477278bb2a36d4c59655eb0daa4ce48e8dbc4c4/docs/gallery-part-1.md#case-37,@midori_tatsuta,https://x.com/midori_tatsuta,后续精选,,已做索引盘点，尚未逐条改写与内容审核；后续按差异和用途精选，不计为2.5适配内容,,
gallery,36,品牌徽标设计图,Photography & Realism,b477278bb2a36d4c59655eb0daa4ce48e8dbc4c4,https://github.com/wangge-dev/awesome-gpt-image-2/blob/b477278bb2a36d4c59655eb0daa4ce48e8dbc4c4/docs/gallery-part-1.md#case-36,@mirochill,https://x.com/mirochill,后续精选,,已做索引盘点，尚未逐条改写与内容审核；后续按差异和用途精选，不计为2.5适配内容,,
gallery,35,人像写实摄影图,Photography & Realism,b477278bb2a36d4c59655eb0daa4ce48e8dbc4c4,https://github.com/wangge-dev/awesome-gpt-image-2/blob/b477278bb2a36d4c59655eb0daa4ce48e8dbc4c4/docs/gallery-part-1.md#case-35,@kazmaendo,https://x.com/kazmaendo,后续精选,,已做索引盘点，尚未逐条改写与内容审核；后续按差异和用途精选，不计为2.5适配内容,,
gallery,34,插画艺术创作图,Illustration & Art,b477278bb2a36d4c59655eb0daa4ce48e8dbc4c4,https://github.com/wangge-dev/awesome-gpt-image-2/blob/b477278bb2a36d4c59655eb0daa4ce48e8dbc4c4/docs/gallery-part-1.md#case-34,@Ryan_Suo,https://x.com/Ryan_Suo,后续精选,,已做索引盘点，尚未逐条改写与内容审核；后续按差异和用途精选，不计为2.5适配内容,,
gallery,33,电商商品展示设计,Products & E-commerce,b477278bb2a36d4c59655eb0daa4ce48e8dbc4c4,https://github.com/wangge-dev/awesome-gpt-image-2/blob/b477278bb2a36d4c59655eb0daa4ce48e8dbc4c4/docs/gallery-part-1.md#case-33,@yurunekofree,https://x.com/yurunekofree,后续精选,,已做索引盘点，尚未逐条改写与内容审核；后续按差异和用途精选，不计为2.5适配内容,,
gallery,32,插画艺术创作图,Illustration & Art,b477278bb2a36d4c59655eb0daa4ce48e8dbc4c4,https://github.com/wangge-dev/awesome-gpt-image-2/blob/b477278bb2a36d4c59655eb0daa4ce48e8dbc4c4/docs/gallery-part-1.md#case-32,@austinit,https://x.com/austinit,后续精选,,已做索引盘点，尚未逐条改写与内容审核；后续按差异和用途精选，不计为2.5适配内容,,
gallery,31,人像写实摄影图,Photography & Realism,b477278bb2a36d4c59655eb0daa4ce48e8dbc4c4,https://github.com/wangge-dev/awesome-gpt-image-2/blob/b477278bb2a36d4c59655eb0daa4ce48e8dbc4c4/docs/gallery-part-1.md#case-31,@jun_kongo,https://x.com/jun_kongo,后续精选,,已做索引盘点，尚未逐条改写与内容审核；后续按差异和用途精选，不计为2.5适配内容,,
gallery,30,写实摄影风格图,Illustration & Art,b477278bb2a36d4c59655eb0daa4ce48e8dbc4c4,https://github.com/wangge-dev/awesome-gpt-image-2/blob/b477278bb2a36d4c59655eb0daa4ce48e8dbc4c4/docs/gallery-part-1.md#case-30,@opc_8838,https://x.com/opc_8838,后续精选,,已做索引盘点，尚未逐条改写与内容审核；后续按差异和用途精选，不计为2.5适配内容,,
gallery,29,电影感叙事场景图,Photography & Realism,b477278bb2a36d4c59655eb0daa4ce48e8dbc4c4,https://github.com/wangge-dev/awesome-gpt-image-2/blob/b477278bb2a36d4c59655eb0daa4ce48e8dbc4c4/docs/gallery-part-1.md#case-29,@danieldmai,https://x.com/danieldmai,后续精选,,已做索引盘点，尚未逐条改写与内容审核；后续按差异和用途精选，不计为2.5适配内容,,
gallery,28,写实摄影风格创作,Photography & Realism,b477278bb2a36d4c59655eb0daa4ce48e8dbc4c4,https://github.com/wangge-dev/awesome-gpt-image-2/blob/b477278bb2a36d4c59655eb0daa4ce48e8dbc4c4/docs/gallery-part-1.md#case-28,@frankfu1688,https://x.com/frankfu1688,后续精选,,已做索引盘点，尚未逐条改写与内容审核；后续按差异和用途精选，不计为2.5适配内容,,
gallery,27,人物角色设定图,Characters & People,b477278bb2a36d4c59655eb0daa4ce48e8dbc4c4,https://github.com/wangge-dev/awesome-gpt-image-2/blob/b477278bb2a36d4c59655eb0daa4ce48e8dbc4c4/docs/gallery-part-1.md#case-27,@anemone_sd,https://x.com/anemone_sd,后续精选,,已做索引盘点，尚未逐条改写与内容审核；后续按差异和用途精选，不计为2.5适配内容,,
gallery,26,建筑空间场景图,Photography & Realism,b477278bb2a36d4c59655eb0daa4ce48e8dbc4c4,https://github.com/wangge-dev/awesome-gpt-image-2/blob/b477278bb2a36d4c59655eb0daa4ce48e8dbc4c4/docs/gallery-part-1.md#case-26,@ecooai,https://x.com/ecooai,后续精选,,已做索引盘点，尚未逐条改写与内容审核；后续按差异和用途精选，不计为2.5适配内容,,
gallery,25,综合应用场景图,Characters & People,b477278bb2a36d4c59655eb0daa4ce48e8dbc4c4,https://github.com/wangge-dev/awesome-gpt-image-2/blob/b477278bb2a36d4c59655eb0daa4ce48e8dbc4c4/docs/gallery-part-1.md#case-25,@nicdunz,https://x.com/nicdunz,后续精选,,已做索引盘点，尚未逐条改写与内容审核；后续按差异和用途精选，不计为2.5适配内容,,
gallery,24,漫画分镜叙事设计,Photography & Realism,b477278bb2a36d4c59655eb0daa4ce48e8dbc4c4,https://github.com/wangge-dev/awesome-gpt-image-2/blob/b477278bb2a36d4c59655eb0daa4ce48e8dbc4c4/docs/gallery-part-1.md#case-24,@wewe50770964683,https://x.com/wewe50770964683,后续精选,,已做索引盘点，尚未逐条改写与内容审核；后续按差异和用途精选，不计为2.5适配内容,,
gallery,23,信息图可视化设计,Charts & Infographics,b477278bb2a36d4c59655eb0daa4ce48e8dbc4c4,https://github.com/wangge-dev/awesome-gpt-image-2/blob/b477278bb2a36d4c59655eb0daa4ce48e8dbc4c4/docs/gallery-part-1.md#case-23,@GeekCatX,https://x.com/GeekCatX,后续精选,,已做索引盘点，尚未逐条改写与内容审核；后续按差异和用途精选，不计为2.5适配内容,,
gallery,22,插画艺术风格创作,Illustration & Art,b477278bb2a36d4c59655eb0daa4ce48e8dbc4c4,https://github.com/wangge-dev/awesome-gpt-image-2/blob/b477278bb2a36d4c59655eb0daa4ce48e8dbc4c4/docs/gallery-part-1.md#case-22,@Tanemomi_Ver2,https://x.com/Tanemomi_Ver2,后续精选,,已做索引盘点，尚未逐条改写与内容审核；后续按差异和用途精选，不计为2.5适配内容,,
gallery,21,直播界面设计图,UI & Interfaces,b477278bb2a36d4c59655eb0daa4ce48e8dbc4c4,https://github.com/wangge-dev/awesome-gpt-image-2/blob/b477278bb2a36d4c59655eb0daa4ce48e8dbc4c4/docs/gallery-part-1.md#case-21,@sjbbxhz,https://x.com/sjbbxhz,后续精选,,已做索引盘点，尚未逐条改写与内容审核；后续按差异和用途精选，不计为2.5适配内容,,
gallery,20,信息图可视化设计,Architecture & Spaces,b477278bb2a36d4c59655eb0daa4ce48e8dbc4c4,https://github.com/wangge-dev/awesome-gpt-image-2/blob/b477278bb2a36d4c59655eb0daa4ce48e8dbc4c4/docs/gallery-part-1.md#case-20,@yammamon,https://x.com/yammamon,后续精选,,已做索引盘点，尚未逐条改写与内容审核；后续按差异和用途精选，不计为2.5适配内容,,
gallery,19,信息图可视化设计,Charts & Infographics,b477278bb2a36d4c59655eb0daa4ce48e8dbc4c4,https://github.com/wangge-dev/awesome-gpt-image-2/blob/b477278bb2a36d4c59655eb0daa4ce48e8dbc4c4/docs/gallery-part-1.md#case-19,@yammamon,https://x.com/yammamon,后续精选,,已做索引盘点，尚未逐条改写与内容审核；后续按差异和用途精选，不计为2.5适配内容,,
gallery,18,信息图可视化设计,Architecture & Spaces,b477278bb2a36d4c59655eb0daa4ce48e8dbc4c4,https://github.com/wangge-dev/awesome-gpt-image-2/blob/b477278bb2a36d4c59655eb0daa4ce48e8dbc4c4/docs/gallery-part-1.md#case-18,@mm_zzm44854,https://x.com/mm_zzm44854,后续精选,,已做索引盘点，尚未逐条改写与内容审核；后续按差异和用途精选，不计为2.5适配内容,,
gallery,17,界面交互设计图,Products & E-commerce,b477278bb2a36d4c59655eb0daa4ce48e8dbc4c4,https://github.com/wangge-dev/awesome-gpt-image-2/blob/b477278bb2a36d4c59655eb0daa4ce48e8dbc4c4/docs/gallery-part-1.md#case-17,@wory37303852,https://x.com/wory37303852,后续精选,,已做索引盘点，尚未逐条改写与内容审核；后续按差异和用途精选，不计为2.5适配内容,,
gallery,16,主题海报版式设计,Posters & Typography,b477278bb2a36d4c59655eb0daa4ce48e8dbc4c4,https://github.com/wangge-dev/awesome-gpt-image-2/blob/b477278bb2a36d4c59655eb0daa4ce48e8dbc4c4/docs/gallery-part-1.md#case-16,小红书号2692926140,,后续精选,,已做索引盘点，尚未逐条改写与内容审核；后续按差异和用途精选，不计为2.5适配内容,,
gallery,15,主题海报版式设计,Posters & Typography,b477278bb2a36d4c59655eb0daa4ce48e8dbc4c4,https://github.com/wangge-dev/awesome-gpt-image-2/blob/b477278bb2a36d4c59655eb0daa4ce48e8dbc4c4/docs/gallery-part-1.md#case-15,小红书号1005414639,,后续精选,,已做索引盘点，尚未逐条改写与内容审核；后续按差异和用途精选，不计为2.5适配内容,,
gallery,14,信息图可视化设计,Charts & Infographics,b477278bb2a36d4c59655eb0daa4ce48e8dbc4c4,https://github.com/wangge-dev/awesome-gpt-image-2/blob/b477278bb2a36d4c59655eb0daa4ce48e8dbc4c4/docs/gallery-part-1.md#case-14,小红书号Roy_Jay,,后续精选,,已做索引盘点，尚未逐条改写与内容审核；后续按差异和用途精选，不计为2.5适配内容,,
gallery,13,信息图可视化设计,Documents & Publishing,b477278bb2a36d4c59655eb0daa4ce48e8dbc4c4,https://github.com/wangge-dev/awesome-gpt-image-2/blob/b477278bb2a36d4c59655eb0daa4ce48e8dbc4c4/docs/gallery-part-1.md#case-13,小红书号94156710894,,后续精选,,已做索引盘点，尚未逐条改写与内容审核；后续按差异和用途精选，不计为2.5适配内容,,
gallery,11,一张手绘风格的城市美食地图，以台州为主题,Architecture & Spaces,b477278bb2a36d4c59655eb0daa4ce48e8dbc4c4,https://github.com/wangge-dev/awesome-gpt-image-2/blob/b477278bb2a36d4c59655eb0daa4ce48e8dbc4c4/docs/gallery-part-1.md#case-11,小红书号510244722,,后续精选,,已做索引盘点，尚未逐条改写与内容审核；后续按差异和用途精选，不计为2.5适配内容,,
gallery,10,主题海报版式设计,Posters & Typography,b477278bb2a36d4c59655eb0daa4ce48e8dbc4c4,https://github.com/wangge-dev/awesome-gpt-image-2/blob/b477278bb2a36d4c59655eb0daa4ce48e8dbc4c4/docs/gallery-part-1.md#case-10,小红书号2202716350,,后续精选,,已做索引盘点，尚未逐条改写与内容审核；后续按差异和用途精选，不计为2.5适配内容,,
gallery,9,主题海报版式设计,Posters & Typography,b477278bb2a36d4c59655eb0daa4ce48e8dbc4c4,https://github.com/wangge-dev/awesome-gpt-image-2/blob/b477278bb2a36d4c59655eb0daa4ce48e8dbc4c4/docs/gallery-part-1.md#case-9,小红书号z890738050,,后续精选,,已做索引盘点，尚未逐条改写与内容审核；后续按差异和用途精选，不计为2.5适配内容,,
gallery,8,科普百科图,Charts & Infographics,b477278bb2a36d4c59655eb0daa4ce48e8dbc4c4,https://github.com/wangge-dev/awesome-gpt-image-2/blob/b477278bb2a36d4c59655eb0daa4ce48e8dbc4c4/docs/gallery-part-1.md#case-8,小红书号1055699679,,后续精选,,已做索引盘点，尚未逐条改写与内容审核；后续按差异和用途精选，不计为2.5适配内容,,
gallery,7,应用界面样机图,UI & Interfaces,b477278bb2a36d4c59655eb0daa4ce48e8dbc4c4,https://github.com/wangge-dev/awesome-gpt-image-2/blob/b477278bb2a36d4c59655eb0daa4ce48e8dbc4c4/docs/gallery-part-1.md#case-7,小红书号944846927,,后续精选,,已做索引盘点，尚未逐条改写与内容审核；后续按差异和用途精选，不计为2.5适配内容,,
gallery,6,插画艺术创作图,Illustration & Art,b477278bb2a36d4c59655eb0daa4ce48e8dbc4c4,https://github.com/wangge-dev/awesome-gpt-image-2/blob/b477278bb2a36d4c59655eb0daa4ce48e8dbc4c4/docs/gallery-part-1.md#case-6,小红书号yi_xiao_jiu,,后续精选,,已做索引盘点，尚未逐条改写与内容审核；后续按差异和用途精选，不计为2.5适配内容,,
gallery,5,主题海报版式设计,Posters & Typography,b477278bb2a36d4c59655eb0daa4ce48e8dbc4c4,https://github.com/wangge-dev/awesome-gpt-image-2/blob/b477278bb2a36d4c59655eb0daa4ce48e8dbc4c4/docs/gallery-part-1.md#case-5,小红书号6455654397,,后续精选,,已做索引盘点，尚未逐条改写与内容审核；后续按差异和用途精选，不计为2.5适配内容,,
gallery,4,老干妈风味,UI & Interfaces,b477278bb2a36d4c59655eb0daa4ce48e8dbc4c4,https://github.com/wangge-dev/awesome-gpt-image-2/blob/b477278bb2a36d4c59655eb0daa4ce48e8dbc4c4/docs/gallery-part-1.md#case-4,小红书号989137706,,后续精选,,已做索引盘点，尚未逐条改写与内容审核；后续按差异和用途精选，不计为2.5适配内容,,
gallery,3,足球主题电影海报,Posters & Typography,b477278bb2a36d4c59655eb0daa4ce48e8dbc4c4,https://github.com/wangge-dev/awesome-gpt-image-2/blob/b477278bb2a36d4c59655eb0daa4ce48e8dbc4c4/docs/gallery-part-1.md#case-3,未提供,,后续精选,,已做索引盘点，尚未逐条改写与内容审核；后续按差异和用途精选，不计为2.5适配内容,,
gallery,2,社媒界面截图,UI & Interfaces,b477278bb2a36d4c59655eb0daa4ce48e8dbc4c4,https://github.com/wangge-dev/awesome-gpt-image-2/blob/b477278bb2a36d4c59655eb0daa4ce48e8dbc4c4/docs/gallery-part-1.md#case-2,小红书号4264014889,,后续精选,,已做索引盘点，尚未逐条改写与内容审核；后续按差异和用途精选，不计为2.5适配内容,,
gallery,1,信息图可视化设计,UI & Interfaces,b477278bb2a36d4c59655eb0daa4ce48e8dbc4c4,https://github.com/wangge-dev/awesome-gpt-image-2/blob/b477278bb2a36d4c59655eb0daa4ce48e8dbc4c4/docs/gallery-part-1.md#case-1,小红书号insight_express,,后续精选,,已做索引盘点，尚未逐条改写与内容审核；后续按差异和用途精选，不计为2.5适配内容,,
templates,ui-screenshot-system,UI 截图系统,UI & Interfaces,b477278bb2a36d4c59655eb0daa4ce48e8dbc4c4,https://github.com/wangge-dev/awesome-gpt-image-2/blob/b477278bb2a36d4c59655eb0daa4ce48e8dbc4c4/docs/templates.md#tpl-ui,awesome-gpt-image-2 / freestylefly,,改写收录,prompts/templates/T01.md,明确界面概念与真实截图的区别，把文字对应到区域。,,
templates,infographic-engine,信息图引擎,Charts & Infographics,b477278bb2a36d4c59655eb0daa4ce48e8dbc4c4,https://github.com/wangge-dev/awesome-gpt-image-2/blob/b477278bb2a36d4c59655eb0daa4ce48e8dbc4c4/docs/templates.md#tpl-infographic,awesome-gpt-image-2 / freestylefly,,改写收录,prompts/templates/T02.md,保留模块化结构，要求事实和流程由输入决定。,,
templates,scientific-scale-diagram,科学尺度缩放图,Charts & Infographics,b477278bb2a36d4c59655eb0daa4ce48e8dbc4c4,https://github.com/wangge-dev/awesome-gpt-image-2/blob/b477278bb2a36d4c59655eb0daa4ce48e8dbc4c4/docs/templates.md#tpl-infographic,awesome-gpt-image-2 / freestylefly,,改写收录,prompts/templates/T03.md,原来的倍率变量改为有来源的尺度表，明确各窗口非同一比例。,,
templates,poster-layout-system,海报排版系统,Posters & Typography,b477278bb2a36d4c59655eb0daa4ce48e8dbc4c4,https://github.com/wangge-dev/awesome-gpt-image-2/blob/b477278bb2a36d4c59655eb0daa4ce48e8dbc4c4/docs/templates.md#tpl-poster,awesome-gpt-image-2 / freestylefly,,改写收录,prompts/templates/T04.md,把原泛化活动变量落到明确版面，避免自动填日期。,,
templates,sports-campaign-poster,运动商业 Campaign,Posters & Typography,b477278bb2a36d4c59655eb0daa4ce48e8dbc4c4,https://github.com/wangge-dev/awesome-gpt-image-2/blob/b477278bb2a36d4c59655eb0daa4ce48e8dbc4c4/docs/templates.md#tpl-poster,awesome-gpt-image-2 / freestylefly,,改写收录,prompts/templates/T05.md,保留运动构图而不绑定其他品牌；商品商业用法另见EC25。,,
templates,conceptual-typography-poster,概念字体海报,Posters & Typography,b477278bb2a36d4c59655eb0daa4ce48e8dbc4c4,https://github.com/wangge-dev/awesome-gpt-image-2/blob/b477278bb2a36d4c59655eb0daa4ce48e8dbc4c4/docs/templates.md#tpl-poster,awesome-gpt-image-2 / freestylefly,,改写收录,prompts/templates/T06.md,保留字体主导与隐喻结构，移除泛化“顶级”形容，强调可读字形。,,
templates,ink-double-exposure-poster,水墨双重曝光海报,Posters & Typography,b477278bb2a36d4c59655eb0daa4ce48e8dbc4c4,https://github.com/wangge-dev/awesome-gpt-image-2/blob/b477278bb2a36d4c59655eb0daa4ce48e8dbc4c4/docs/templates.md#tpl-poster,awesome-gpt-image-2 / freestylefly,,改写收录,prompts/templates/T07.md,人物两次出现明确为同一身份，给内部场景单独职责。,,
templates,nature-science-poster,自然科普海报,Posters & Typography,b477278bb2a36d4c59655eb0daa4ce48e8dbc4c4,https://github.com/wangge-dev/awesome-gpt-image-2/blob/b477278bb2a36d4c59655eb0daa4ce48e8dbc4c4/docs/templates.md#tpl-poster,awesome-gpt-image-2 / freestylefly,,改写收录,prompts/templates/T08.md,把自动科普变为已核实事实的视觉呈现，保留巨大主体和四列结构。,,
templates,product-commerce-visual,商品商业视觉,Products & E-commerce,b477278bb2a36d4c59655eb0daa4ce48e8dbc4c4,https://github.com/wangge-dev/awesome-gpt-image-2/blob/b477278bb2a36d4c59655eb0daa4ce48e8dbc4c4/docs/templates.md#tpl-product,awesome-gpt-image-2 / freestylefly,,改写收录,prompts/templates/T09.md,保留商品与两卖点结构，消除默认推断侧面和平台可直接过审的承诺。,,
templates,personalized-beauty-report,个性化美妆报告,Products & E-commerce,b477278bb2a36d4c59655eb0daa4ce48e8dbc4c4,https://github.com/wangge-dev/awesome-gpt-image-2/blob/b477278bb2a36d4c59655eb0daa4ce48e8dbc4c4/docs/templates.md#tpl-product,awesome-gpt-image-2 / freestylefly,,改写收录,prompts/templates/T10.md,原模板自动选色号和判断气质，改为用户提供的真实色卡与偏好；保持同脸对比。,,
templates,brand-identity-package,品牌身份包,Brand & Logos,b477278bb2a36d4c59655eb0daa4ce48e8dbc4c4,https://github.com/wangge-dev/awesome-gpt-image-2/blob/b477278bb2a36d4c59655eb0daa4ce48e8dbc4c4/docs/templates.md#tpl-brand,awesome-gpt-image-2 / freestylefly,,改写收录,prompts/templates/T11.md,原模板混合战略报告与生图，现聚焦单页概念板；色号是输入而非自动事实。,,
templates,brand-touchpoint-board,品牌触点视觉板,Brand & Logos,b477278bb2a36d4c59655eb0daa4ce48e8dbc4c4,https://github.com/wangge-dev/awesome-gpt-image-2/blob/b477278bb2a36d4c59655eb0daa4ce48e8dbc4c4/docs/templates.md#tpl-brand,awesome-gpt-image-2 / freestylefly,,改写收录,prompts/templates/T12.md,强调标识与产品参考分工；触点板是视觉提案，不是可直接生产的完整品牌手册。,,
templates,architecture-space,建筑与空间,Architecture & Spaces,b477278bb2a36d4c59655eb0daa4ce48e8dbc4c4,https://github.com/wangge-dev/awesome-gpt-image-2/blob/b477278bb2a36d4c59655eb0daa4ce48e8dbc4c4/docs/templates.md#tpl-architecture,awesome-gpt-image-2 / freestylefly,,改写收录,prompts/templates/T13.md,保留旧模板材质与冷暖光，补充草图保留范围和非施工图定位。,,
templates,realistic-photography,写实摄影,Photography & Realism,b477278bb2a36d4c59655eb0daa4ce48e8dbc4c4,https://github.com/wangge-dev/awesome-gpt-image-2/blob/b477278bb2a36d4c59655eb0daa4ce48e8dbc4c4/docs/templates.md#tpl-photo,awesome-gpt-image-2 / freestylefly,,改写收录,prompts/templates/T14.md,保留摄影语言，明确身份参考的可选用法；镜头词是视觉描述而非相机元数据。,,
templates,street-accident-moment,街头意外瞬间摄影,Photography & Realism,b477278bb2a36d4c59655eb0daa4ce48e8dbc4c4,https://github.com/wangge-dev/awesome-gpt-image-2/blob/b477278bb2a36d4c59655eb0daa4ce48e8dbc4c4/docs/templates.md#tpl-photo,awesome-gpt-image-2 / freestylefly,,改写收录,prompts/templates/T15.md,保留偶然抓拍，明确虚构场景，避免把生成图包装为新闻证据。,,
templates,illustration-art-style,插画与艺术风格,Illustration & Art,b477278bb2a36d4c59655eb0daa4ce48e8dbc4c4,https://github.com/wangge-dev/awesome-gpt-image-2/blob/b477278bb2a36d4c59655eb0daa4ce48e8dbc4c4/docs/templates.md#tpl-illustration,awesome-gpt-image-2 / freestylefly,,改写收录,prompts/templates/T16.md,将风格参考与新主体分开，保留原媒介和构图的可替换性。,,
templates,character-design-sheet,角色设定表,Characters & People,b477278bb2a36d4c59655eb0daa4ce48e8dbc4c4,https://github.com/wangge-dev/awesome-gpt-image-2/blob/b477278bb2a36d4c59655eb0daa4ce48e8dbc4c4/docs/templates.md#tpl-character,awesome-gpt-image-2 / freestylefly,,改写收录,prompts/templates/T17.md,把角色一致性和未知背面分开处理，明确视图数量与位置。,,
templates,3d-collectible-toy,3D 收藏玩具,Characters & People,b477278bb2a36d4c59655eb0daa4ce48e8dbc4c4,https://github.com/wangge-dev/awesome-gpt-image-2/blob/b477278bb2a36d4c59655eb0daa4ce48e8dbc4c4/docs/templates.md#tpl-character,awesome-gpt-image-2 / freestylefly,,改写收录,prompts/templates/T18.md,保留玩具化创意，明确可改变比例与应保留的识别特征。,,
templates,scene-storytelling,场景叙事,Scenes & Storytelling,b477278bb2a36d4c59655eb0daa4ce48e8dbc4c4,https://github.com/wangge-dev/awesome-gpt-image-2/blob/b477278bb2a36d4c59655eb0daa4ce48e8dbc4c4/docs/templates.md#tpl-scene,awesome-gpt-image-2 / freestylefly,,改写收录,prompts/templates/T19.md,保留情节与环境叙事，限定单张关键瞬间，避免冒充视频输出。,,
templates,history-classical-themes,历史与古风题材,History & Classical Themes,b477278bb2a36d4c59655eb0daa4ce48e8dbc4c4,https://github.com/wangge-dev/awesome-gpt-image-2/blob/b477278bb2a36d4c59655eb0daa4ce48e8dbc4c4/docs/templates.md#tpl-history,awesome-gpt-image-2 / freestylefly,,改写收录,prompts/templates/T20.md,明确时代资料与画风的区别，删除自动补全文和混朝器物的含义。,,
templates,document-publishing,文档与出版物,Documents & Publishing,b477278bb2a36d4c59655eb0daa4ce48e8dbc4c4,https://github.com/wangge-dev/awesome-gpt-image-2/blob/b477278bb2a36d4c59655eb0daa4ce48e8dbc4c4/docs/templates.md#tpl-document,awesome-gpt-image-2 / freestylefly,,改写收录,prompts/templates/T21.md,把整本文档任务分为可连续完成的单页，图片不是可编辑PDF或排版源文件。,,
templates,concept-product-breakdown,概念产品研发拆解,Other Use Cases,b477278bb2a36d4c59655eb0daa4ce48e8dbc4c4,https://github.com/wangge-dev/awesome-gpt-image-2/blob/b477278bb2a36d4c59655eb0daa4ce48e8dbc4c4/docs/templates.md#tpl-other,awesome-gpt-image-2 / freestylefly,,改写收录,prompts/templates/T22.md,把概念拆解与真实结构分开，保留研发板组合；实际产品结构见EC17。,,
ecommerce,01-hero-image.json,白底/纯色底产品主图,电商场景,a3673fb6f316664280e6abd90a60a578c6fb2228,https://github.com/buluslan/gpt-image2-ecommerce/blob/a3673fb6f316664280e6abd90a60a578c6fb2228/references/templates/01-hero-image.json,buluslan / Buluu@新西楼,,改写收录,prompts/ecommerce/EC01.md,保留原模板的正面主图与四种布光方向，把笼统的8K改成页面外的画布设置。；补充商品参考的保留范围，避免纯色风格变体连商品本色一起更改。,luxury;fresh;tech;color,luxury;fresh;tech;color
ecommerce,02-lifestyle-scene.json,场景化生活图,电商场景,a3673fb6f316664280e6abd90a60a578c6fb2228,https://github.com/buluslan/gpt-image2-ecommerce/blob/a3673fb6f316664280e6abd90a60a578c6fb2228/references/templates/02-lifestyle-scene.json,buluslan / Buluu@新西楼,,改写收录,prompts/ecommerce/EC02.md,把场景、光线和空间关系拆清楚，补充接触阴影与商品比例；四种原场景保留。,morning;cozy;outdoor;luxury,morning;cozy;outdoor;luxury
ecommerce,03-flat-lay.json,平铺图,电商场景,a3673fb6f316664280e6abd90a60a578c6fb2228,https://github.com/buluslan/gpt-image2-ecommerce/blob/a3673fb6f316664280e6abd90a60a578c6fb2228/references/templates/03-flat-lay.json,buluslan / Buluu@新西楼,,改写收录,prompts/ecommerce/EC03.md,保留俯拍和左上窗光，明确标签朝向与道具分离；季节主题落实为可执行布景。,luxury;minimal;seasonal,luxury;minimal;seasonal
ecommerce,04-detail-macro.json,细节微距图,电商场景,a3673fb6f316664280e6abd90a60a578c6fb2228,https://github.com/buluslan/gpt-image2-ecommerce/blob/a3673fb6f316664280e6abd90a60a578c6fb2228/references/templates/04-detail-macro.json,buluslan / Buluu@新西楼,,改写收录,prompts/ecommerce/EC04.md,原模板的极致细节改为有近照依据的细节表现，避免把模型想象当工艺事实。,texture;formula;craftsmanship,texture;formula;craftsmanship
ecommerce,05-poster-banner.json,促销海报/Banner,电商场景,a3673fb6f316664280e6abd90a60a578c6fb2228,https://github.com/buluslan/gpt-image2-ecommerce/blob/a3673fb6f316664280e6abd90a60a578c6fb2228/references/templates/05-poster-banner.json,buluslan / Buluu@新西楼,,改写收录,prompts/ecommerce/EC05.md,将文案变量绑定到明确位置与次数；原限时风格不再自动虚构紧迫信息。,luxury;minimal;festive;flash-sale,luxury;minimal;festive;flash-sale
ecommerce,06-social-media.json,社交媒体素材,电商场景,a3673fb6f316664280e6abd90a60a578c6fb2228,https://github.com/buluslan/gpt-image2-ecommerce/blob/a3673fb6f316664280e6abd90a60a578c6fb2228/references/templates/06-social-media.json,buluslan / Buluu@新西楼,,改写收录,prompts/ecommerce/EC06.md,保留社媒画面风格，移除原变体自动添加的评分、互动数字与趋势徽章。,xiaohongshu;instagram;tiktok,xiaohongshu;instagram;tiktok
ecommerce,07-ugc-style.json,UGC风格/买家秀,电商场景,a3673fb6f316664280e6abd90a60a578c6fb2228,https://github.com/buluslan/gpt-image2-ecommerce/blob/a3673fb6f316664280e6abd90a60a578c6fb2228/references/templates/07-ugc-style.json,buluslan / Buluu@新西楼,,改写收录,prompts/ecommerce/EC07.md,原UGC的摄影质感保留；把“真实评价”含义与随拍审美分开，删除自动日期章。,mirror-selfie;ccd-retro;grwm;unboxing,mirror-selfie;ccd-retro;grwm;unboxing
ecommerce,08-model-showcase.json,模特展示图,电商场景,a3673fb6f316664280e6abd90a60a578c6fb2228,https://github.com/buluslan/gpt-image2-ecommerce/blob/a3673fb6f316664280e6abd90a60a578c6fb2228/references/templates/08-model-showcase.json,buluslan / Buluu@新西楼,,改写收录,prompts/ecommerce/EC08.md,单独指派商品与人物参考，避免源模板预设皮肤和造型覆盖用户人物。,beauty-closeup;fashion-full;candid,beauty-closeup;fashion-full;candid
ecommerce,09-before-after.json,使用前后对比图,电商场景,a3673fb6f316664280e6abd90a60a578c6fb2228,https://github.com/buluslan/gpt-image2-ecommerce/blob/a3673fb6f316664280e6abd90a60a578c6fb2228/references/templates/09-before-after.json,buluslan / Buluu@新西楼,,改写收录,prompts/ecommerce/EC09.md,保留前后分栏创意，改用实际前后素材；原clinical的百分比箭头与cinematic的冷暖暗示改为中性排版。；如需原照片像素不变，应在排版软件中合成；生成式编辑不能保证像素完全保留。,clinical;cinematic;simple,clinical;cinematic;simple
ecommerce,10-packaging.json,包装设计展示,电商场景,a3673fb6f316664280e6abd90a60a578c6fb2228,https://github.com/buluslan/gpt-image2-ecommerce/blob/a3673fb6f316664280e6abd90a60a578c6fb2228/references/templates/10-packaging.json,buluslan / Buluu@新西楼,,改写收录,prompts/ecommerce/EC10.md,区分实际包装与概念设计；环保变体只改变审美，不自动宣称再生材料或环保认证。,luxury-gift;minimal-eco;unboxing,luxury-gift;minimal-eco;unboxing
ecommerce,11-infographic.json,信息图/A+Content,电商场景,a3673fb6f316664280e6abd90a60a578c6fb2228,https://github.com/buluslan/gpt-image2-ecommerce/blob/a3673fb6f316664280e6abd90a60a578c6fb2228/references/templates/11-infographic.json,buluslan / Buluu@新西楼,,改写收录,prompts/ecommerce/EC11.md,A+原变体中的证书和成分图改为按资料选用；明确一张模块的文字层级，不保证平台审核通过。,amazon-a-plus;feature-grid;story-flow,amazon-a-plus;feature-grid;story-flow
ecommerce,12-creative-concept.json,创意概念广告图,电商场景,a3673fb6f316664280e6abd90a60a578c6fb2228,https://github.com/buluslan/gpt-image2-ecommerce/blob/a3673fb6f316664280e6abd90a60a578c6fb2228/references/templates/12-creative-concept.json,buluslan / Buluu@新西楼,,改写收录,prompts/ecommerce/EC12.md,把原抽象效果变量落实为布景规则，并把幻想效果与商品事实分开。,splash-dynamic;surreal;minimal-art,splash-dynamic;surreal;minimal-art
ecommerce,13-size-spec.json,尺寸规格+使用步骤图,电商场景,a3673fb6f316664280e6abd90a60a578c6fb2228,https://github.com/buluslan/gpt-image2-ecommerce/blob/a3673fb6f316664280e6abd90a60a578c6fb2228/references/templates/13-size-spec.json,buluslan / Buluu@新西楼,,改写收录,prompts/ecommerce/EC13.md,把源模板自动规格与徽章改成真实输入；尺寸线和使用动作分别有对应依据。,premium-editorial;technical;ritual-guide,premium-editorial;technical;ritual-guide
ecommerce,14-multi-product.json,多产品套装/组合展示,电商场景,a3673fb6f316664280e6abd90a60a578c6fb2228,https://github.com/buluslan/gpt-image2-ecommerce/blob/a3673fb6f316664280e6abd90a60a578c6fb2228/references/templates/14-multi-product.json,buluslan / Buluu@新西楼,,改写收录,prompts/ecommerce/EC14.md,补充多图逐一绑定、数量与相对尺寸；修正原lineup让主商品无依据变大的问题。,gift-set;routine-set;lineup,gift-set;routine-set;lineup
ecommerce,15-livestream.json,电商直播间场景,电商场景,a3673fb6f316664280e6abd90a60a578c6fb2228,https://github.com/buluslan/gpt-image2-ecommerce/blob/a3673fb6f316664280e6abd90a60a578c6fb2228/references/templates/15-livestream.json,buluslan / Buluu@新西楼,,改写收录,prompts/ecommerce/EC15.md,把原直播截图转为封面与布景方案，保留平台构图方向，去掉自动虚构的用户活动数据。,douyin;taobao;setup,douyin;taobao;setup
ecommerce,16-try-on-virtual.json,虚拟试穿/产品融入场景,电商场景,a3673fb6f316664280e6abd90a60a578c6fb2228,https://github.com/buluslan/gpt-image2-ecommerce/blob/a3673fb6f316664280e6abd90a60a578c6fb2228/references/templates/16-try-on-virtual.json,buluslan / Buluu@新西楼,,改写收录,prompts/ecommerce/EC16.md,原模板混合试穿与摆场景，现明确两个互斥模式与各自参考职责。,interior-luxury;outdoor-natural;studio-editorial,interior-luxury;outdoor-natural;studio-editorial
ecommerce,17-exploded-view.json,技术拆解/爆炸图,电商场景,a3673fb6f316664280e6abd90a60a578c6fb2228,https://github.com/buluslan/gpt-image2-ecommerce/blob/a3673fb6f316664280e6abd90a60a578c6fb2228/references/templates/17-exploded-view.json,buluslan / Buluu@新西楼,,改写收录,prompts/ecommerce/EC17.md,保留爆炸轴与四种视觉方向，取消从产品描述自动猜测内部结构的含义。,blueprint;minimal;apple-style;editorial,blueprint;minimal;apple-style;editorial
ecommerce,18-ghost-mannequin.json,隐形模特,电商场景,a3673fb6f316664280e6abd90a60a578c6fb2228,https://github.com/buluslan/gpt-image2-ecommerce/blob/a3673fb6f316664280e6abd90a60a578c6fb2228/references/templates/18-ghost-mannequin.json,buluslan / Buluu@新西楼,,改写收录,prompts/ecommerce/EC18.md,保留立体空身展示，给内衬变体增加实拍依据，防止自动补造标签。,white-clean;editorial;editorial-detail;lifestyle,white-clean;editorial;editorial-detail;lifestyle
ecommerce,19-multi-angle-grid.json,产品多角度网格,电商场景,a3673fb6f316664280e6abd90a60a578c6fb2228,https://github.com/buluslan/gpt-image2-ecommerce/blob/a3673fb6f316664280e6abd90a60a578c6fb2228/references/templates/19-multi-angle-grid.json,buluslan / Buluu@新西楼,,改写收录,prompts/ecommerce/EC19.md,固定基础格数与绑定顺序；背面、多配色与竞品比较都需要对应素材。；多配色版本逐格保留对应SKU，不能继承图1统一颜色要求。,angle-view;colorway;feature-grid;comparison,angle-view;colorway;feature-grid;comparison
ecommerce,20-magazine-editorial.json,杂志大片/封面,电商场景,a3673fb6f316664280e6abd90a60a578c6fb2228,https://github.com/buluslan/gpt-image2-ecommerce/blob/a3673fb6f316664280e6abd90a60a578c6fb2228/references/templates/20-magazine-editorial.json,buluslan / Buluu@新西楼,,改写收录,prompts/ecommerce/EC20.md,保留源模板的编辑摄影与四变体，改为自有刊头和准确文案，移除默认大牌与条码。,beauty-cover;fashion-cover;fragrance-editorial;minimal-editorial,beauty-cover;fashion-cover;fragrance-editorial;minimal-editorial
ecommerce,21-seasonal-campaign.json,季节主题网格,电商场景,a3673fb6f316664280e6abd90a60a578c6fb2228,https://github.com/buluslan/gpt-image2-ecommerce/blob/a3673fb6f316664280e6abd90a60a578c6fb2228/references/templates/21-seasonal-campaign.json,buluslan / Buluu@新西楼,,改写收录,prompts/ecommerce/EC21.md,将四格位置明确化，保留系列一致性；节日变体规定六格内容避免含糊数量。,four-seasons;holiday-series;day-to-night;travel-series,four-seasons;holiday-series;day-to-night;travel-series
ecommerce,22-luxury-atmospherics.json,奢华氛围渲染,电商场景,a3673fb6f316664280e6abd90a60a578c6fb2228,https://github.com/buluslan/gpt-image2-ecommerce/blob/a3673fb6f316664280e6abd90a60a578c6fb2228/references/templates/22-luxury-atmospherics.json,buluslan / Buluu@新西楼,,改写收录,prompts/ecommerce/EC22.md,源模板氛围效果保留，明确特效与商品遮挡关系，并避免把冰霜效果理解为真实性能。,floral-dream;smoke-mystique;golden-luxe;ice-crystal,floral-dream;smoke-mystique;golden-luxe;ice-crystal
ecommerce,23-device-mockup.json,设备界面模型,电商场景,a3673fb6f316664280e6abd90a60a578c6fb2228,https://github.com/buluslan/gpt-image2-ecommerce/blob/a3673fb6f316664280e6abd90a60a578c6fb2228/references/templates/23-device-mockup.json,buluslan / Buluu@新西楼,,改写收录,prompts/ecommerce/EC23.md,把截图单独定义为屏幕内容参考，替代自动生成泛化仪表盘；多设备不承诺自动响应式正确。,single-laptop;multi-device;phone-only;office-lifestyle,single-laptop;multi-device;phone-only;office-lifestyle
ecommerce,24-storefront.json,店铺门面/空间摄影,电商场景,a3673fb6f316664280e6abd90a60a578c6fb2228,https://github.com/buluslan/gpt-image2-ecommerce/blob/a3673fb6f316664280e6abd90a60a578c6fb2228/references/templates/24-storefront.json,buluslan / Buluu@新西楼,,改写收录,prompts/ecommerce/EC24.md,原模板同时要求室内外，现按变体分别选择机位；俯视图定位为概念而非测绘。,exterior;interior;corner-detail;aerial-plan,exterior;interior;corner-detail;aerial-plan
ecommerce,25-sports-campaign.json,运动/健身广告,电商场景,a3673fb6f316664280e6abd90a60a578c6fb2228,https://github.com/buluslan/gpt-image2-ecommerce/blob/a3673fb6f316664280e6abd90a60a578c6fb2228/references/templates/25-sports-campaign.json,buluslan / Buluu@新西楼,,改写收录,prompts/ecommerce/EC25.md,保留运动广告与三联画构思，将大牌风格名改成具体视觉语言，补人物与商品参考分工。,product-hero;athlete-action;triptych;gym-power,product-hero;athlete-action;triptych;gym-power
